keyword,volume,volume_raw,competition,cpc_low,cpc_high,change_3m,change_yoy,source_file,cluster,vertical,owner_page,owner_basis,relevant
google docs,5015167,5015167,,,,,,kp-bing-2026-10-01-g4.csv,Unclassified,General,,,False
zillow,2559505,2559505,,,,,,kp-bing-2026-10-01-g3.csv,Unclassified,General,,,False
calendar,551068,551068,,,,,,kp-bing-2026-10-01-g5.csv,Unclassified,General,,,False
realtor.com,535061,535061,,,,,,kp-bing-2026-10-01-g3.csv,Unclassified,Real estate,,,False
zillow homes for sale,317965,317965,,,,,,kp-bing-2026-10-01-g3.csv,Unclassified,General,,,False
word document,289692,289692,,,,,,kp-bing-2026-10-01-g4.csv,Unclassified,General,,,False
microsoft forms,273543,273543,,,,,,kp-bing-2026-10-01-g4.csv,Lifecycle spokes,General,,,False
booking.com,266978,266978,,,,,,kp-bing-2026-10-01-g5.csv,Lifecycle spokes,General,,,False
realtor,216503,216503,,,,,,kp-bing-2026-10-01-g3.csv,Unclassified,Real estate,,,False
google forms,200354,200354,,,,,,kp-bing-2026-10-01-g4.csv,Lifecycle spokes,General,,,False
realtor.com official site,194444,194444,,,,,,kp-bing-2026-10-01-g3.csv,Unclassified,Real estate,,,False
hotels near me,191048,191048,,,,,,kp-bing-2026-10-01-g5.csv,Unclassified,General,,,False
kayak,172314,172314,,,,,,kp-bing-2026-10-01-g5.csv,Unclassified,General,,,False
c,147602,147602,,,,,,kp-bing-2026-10-01-g3.csv,Unclassified,General,/what-is-client-relationship-management-software/,slug match,False
top websites in the world,147459,147459,,,,,,kp-bing-2026-10-01-g6.csv,Web presence,General,,,False
schwab client login,100401,100401,,,,,,kp-bing-2026-10-01-g4.csv,Unclassified,General,,,False
realtor com official site,92668,92668,,,,,,kp-bing-2026-10-01-g3.csv,Unclassified,Real estate,,,False
squarespace,87433,87433,,,,,,kp-bing-2026-10-01-g6.csv,Web presence,General,,,False
wix.com login,82960,82960,,,,,,kp-bing-2026-10-01-g6.csv,Web presence,General,,,False
zillow.com,81184,81184,,,,,,kp-bing-2026-10-01-g3.csv,Unclassified,General,,,False
hotels,75651,75651,,,,,,kp-bing-2026-10-01-g5.csv,Unclassified,General,,,False
wix,75148,75148,,,,,,kp-bing-2026-10-01-g6.csv,Web presence,General,,,False
kayak flights,75049,75049,,,,,,kp-bing-2026-10-01-g5.csv,Unclassified,General,,,False
raymond james client access,73410,73410,,,,,,kp-bing-2026-10-01-g4.csv,Unclassified,General,,,False
forms,72532,72532,,,,,,kp-bing-2026-10-01-g4.csv,Lifecycle spokes,General,,,False
homes.com,65146,65146,,,,,,kp-bing-2026-10-01-g3.csv,Unclassified,General,,,False
simple practice login,60229,60229,,,,,,kp-bing-2026-10-01-g1.csv,Unclassified,General,,,False
houses for sale near me,59992,59992,,,,,,kp-bing-2026-10-01-g3.csv,Unclassified,General,,,False
jotform,54022,54022,,,,,,kp-bing-2026-10-01-g4.csv,Lifecycle spokes,General,,,False
real estate,53751,53751,,,,,,kp-bing-2026-10-01-g3.csv,Unclassified,Real estate,/best-client-management-software-real-estate/,slug match,False
charles schwab client login,48740,48740,,,,,,kp-bing-2026-10-01-g4.csv,Unclassified,General,,,False
priceline flights,47198,47198,,,,,,kp-bing-2026-10-01-g5.csv,Unclassified,General,,,False
real estate near me,40840,40840,,,,,,kp-bing-2026-10-01-g3.csv,Unclassified,Real estate,/best-client-management-software-real-estate/,slug match,False
homes for sale near me,37288,37288,,,,,,kp-bing-2026-10-01-g3.csv,Unclassified,General,,,False
booking,36516,36516,,,,,,kp-bing-2026-10-01-g5.csv,Lifecycle spokes,General,,,False
dmv appointment,35383,35383,,,,,,kp-bing-2026-10-01-g5.csv,Lifecycle spokes,General,,,False
real estate investment tips,34753,34753,,,,,,kp-bing-2026-10-01-g3.csv,Unclassified,Real estate,,,False
squarespace login,33234,33234,,,,,,kp-bing-2026-10-01-g6.csv,Web presence,General,,,False
homes for sale,29201,29201,,,,,,kp-bing-2026-10-01-g3.csv,Unclassified,General,,,False
lunar client,28893,28893,,,,,,kp-bing-2026-10-01-g4.csv,Unclassified,General,,,False
re,22802,22802,,,,,,kp-bing-2026-10-01-g3.csv,Unclassified,General,/what-is-client-relationship-management-software/,slug match,False
ms forms,21789,21789,,,,,,kp-bing-2026-10-01-g4.csv,Lifecycle spokes,General,,,False
pdffiller,20853,20853,,,,,,kp-bing-2026-10-01-g4.csv,Unclassified,General,,,False
houses for sale,20144,20144,,,,,,kp-bing-2026-10-01-g3.csv,Unclassified,General,,,False
jotform login,20032,20032,,,,,,kp-bing-2026-10-01-g4.csv,Lifecycle spokes,General,,,False
google form,19965,19965,,,,,,kp-bing-2026-10-01-g4.csv,Lifecycle spokes,General,,,False
mls,19780,19780,,,,,,kp-bing-2026-10-01-g3.csv,Unclassified,General,,,False
portal,19727,19727,,,,,,kp-bing-2026-10-01-g2.csv,Unclassified,General,,,False
real estate market trends,19177,19177,,,,,,kp-bing-2026-10-01-g3.csv,Unclassified,Real estate,,,False
real estate available in my dream town,18076,18076,,,,,,kp-bing-2026-10-01-g3.csv,Unclassified,Real estate,,,False
signature,17361,17361,,,,,,kp-bing-2026-10-01-g4.csv,Lifecycle spokes,General,,,False
homes,16456,16456,,,,,,kp-bing-2026-10-01-g3.csv,Unclassified,General,,,False
redfin homes for sale,16453,16453,,,,,,kp-bing-2026-10-01-g3.csv,Unclassified,General,,,False
wix login,14585,14585,,,,,,kp-bing-2026-10-01-g6.csv,Web presence,General,,,False
house,13886,13886,,,,,,kp-bing-2026-10-01-g3.csv,Unclassified,General,,,False
houses near me,13834,13834,,,,,,kp-bing-2026-10-01-g3.csv,Unclassified,General,,,False
paycom client login,13638,13638,,,,,,kp-bing-2026-10-01-g4.csv,Unclassified,General,,,False
simplepractice log in,13014,13014,,,,,,kp-bing-2026-10-01-g1.csv,Unclassified,General,,,False
acuity scheduling,12366,12366,,,,,,kp-bing-2026-10-01-g5.csv,Lifecycle spokes,General,,,False
omnissa horizon client,11633,11633,,,,,,kp-bing-2026-10-01-g4.csv,Unclassified,General,,,False
cisco secure client,11600,11600,,,,,,kp-bing-2026-10-01-g4.csv,Unclassified,General,,,False
meteor client,10985,10985,,,,,,kp-bing-2026-10-01-g4.csv,Unclassified,General,,,False
houses,10461,10461,,,,,,kp-bing-2026-10-01-g3.csv,Unclassified,General,,,False
book,10114,10114,,,,,,kp-bing-2026-10-01-g5.csv,Unclassified,General,,,False
realtor homes for sale,9963,9963,,,,,,kp-bing-2026-10-01-g3.csv,Unclassified,Real estate,,,False
booking.com hotels,9761,9761,,,,,,kp-bing-2026-10-01-g5.csv,Lifecycle spokes,General,,,False
kayak hotels,9495,9495,,,,,,kp-bing-2026-10-01-g5.csv,Unclassified,General,,,False
www.realtor.com,9473,9473,,,,,,kp-bing-2026-10-01-g3.csv,Unclassified,Real estate,,,False
remax,9203,9203,,,,,,kp-bing-2026-10-01-g3.csv,Unclassified,General,,,False
sign,9016,9016,,,,,,kp-bing-2026-10-01-g4.csv,Unclassified,General,/best-doc-signing-tools/,slug match,False
realtor com,8592,8592,,,,,,kp-bing-2026-10-01-g3.csv,Unclassified,Real estate,,,False
microsoft word document,8561,8561,,,,,,kp-bing-2026-10-01-g4.csv,Unclassified,General,,,False
pdf filler,8363,8363,,,,,,kp-bing-2026-10-01-g4.csv,Unclassified,General,,,False
house for sale,8317,8317,,,,,,kp-bing-2026-10-01-g3.csv,Unclassified,General,,,False
microsoft form,7815,7815,,,,,,kp-bing-2026-10-01-g4.csv,Lifecycle spokes,General,,,False
real,7779,7779,,,,,,kp-bing-2026-10-01-g3.csv,Unclassified,General,/best-client-management-software-real-estate/,slug match,False
bookings,7581,7581,,,,,,kp-bing-2026-10-01-g5.csv,Lifecycle spokes,General,,,False
properties,7578,7578,,,,,,kp-bing-2026-10-01-g3.csv,Unclassified,General,,,False
feather client,7519,7519,,,,,,kp-bing-2026-10-01-g4.csv,Unclassified,General,,,False
free word document,7328,7328,,,,,,kp-bing-2026-10-01-g4.csv,Unclassified,General,,,False
form,7311,7311,,,,,,kp-bing-2026-10-01-g4.csv,Lifecycle spokes,General,/best-form-builders-for-lead-capture/,slug match,False
word document free,7043,7043,,,,,,kp-bing-2026-10-01-g4.csv,Unclassified,General,,,False
appointment,7039,7039,,,,,,kp-bing-2026-10-01-g5.csv,Lifecycle spokes,General,,,False
trulia homes for sale,6920,6920,,,,,,kp-bing-2026-10-01-g3.csv,Unclassified,General,,,False
website,6844,6844,,,,,,kp-bing-2026-10-01-g6.csv,Web presence,General,/website-builders-for-service-businesses/,slug match,False
wix.com,6780,6780,,,,,,kp-bing-2026-10-01-g6.csv,Web presence,General,,,False
schwab.com client login,6729,6729,,,,,,kp-bing-2026-10-01-g4.csv,Unclassified,General,,,False
zillow homes for sale near me,6510,6510,,,,,,kp-bing-2026-10-01-g3.csv,Unclassified,General,,,False
kayak.com,6397,6397,,,,,,kp-bing-2026-10-01-g5.csv,Unclassified,General,,,False
wix website,6393,6393,,,,,,kp-bing-2026-10-01-g6.csv,Web presence,General,,,False
blank document,6158,6158,,,,,,kp-bing-2026-10-01-g4.csv,Unclassified,General,,,False
trivago flights,6061,6061,,,,,,kp-bing-2026-10-01-g5.csv,Unclassified,General,,,False
raymond james client access login,5978,5978,,,,,,kp-bing-2026-10-01-g4.csv,Unclassified,General,,,False
square space,5976,5976,,,,,,kp-bing-2026-10-01-g6.csv,Unclassified,General,,,False
quest diagnostics appointment scheduling,5824,5824,,,,,,kp-bing-2026-10-01-g5.csv,Lifecycle spokes,General,,,False
google forms login,5745,5745,,,,,,kp-bing-2026-10-01-g4.csv,Lifecycle spokes,General,,,False
websites in the world,5559,5559,,,,,,kp-bing-2026-10-01-g6.csv,Web presence,General,,,False
signature generator,5524,5524,,,,,,kp-bing-2026-10-01-g4.csv,Lifecycle spokes,General,,,False
wi,5504,5504,,,,,,kp-bing-2026-10-01-g6.csv,Unclassified,General,,,False
msforms,5497,5497,,,,,,kp-bing-2026-10-01-g4.csv,Lifecycle spokes,General,,,False
simplepractice,5477,5477,,,,,,kp-bing-2026-10-01-g1.csv,Unclassified,General,,,False
house for sale near me,4989,4989,,,,,,kp-bing-2026-10-01-g3.csv,Unclassified,General,,,False
attorney,4909,4909,,,,,,kp-bing-2026-10-01-g1.csv,Unclassified,Legal,,,False
colibri real estate,4874,4874,,,,,,kp-bing-2026-10-01-g3.csv,Unclassified,Real estate,,,False
forms microsoft,4861,4861,,,,,,kp-bing-2026-10-01-g4.csv,Lifecycle spokes,General,,,False
riot client,4707,4707,,,,,,kp-bing-2026-10-01-g4.csv,Unclassified,General,,,False
booking .com,4624,4624,,,,,,kp-bing-2026-10-01-g5.csv,Lifecycle spokes,General,,,False
microsoft forms login,4609,4609,,,,,,kp-bing-2026-10-01-g4.csv,Lifecycle spokes,General,,,False
simple,4490,4490,,,,,,kp-bing-2026-10-01-g1.csv,Unclassified,General,,,False
coldwell banker real estate,4415,4415,,,,,,kp-bing-2026-10-01-g3.csv,Unclassified,Real estate,,,False
compass real estate,4367,4367,,,,,,kp-bing-2026-10-01-g3.csv,Unclassified,Real estate,,,False
forms google,4337,4337,,,,,,kp-bing-2026-10-01-g4.csv,Lifecycle spokes,General,,,False
commercial real estate,4330,4330,,,,,,kp-bing-2026-10-01-g3.csv,Unclassified,Real estate,,,False
accommodations,4315,4315,,,,,,kp-bing-2026-10-01-g5.csv,Unclassified,General,,,False
booking login,4303,4303,,,,,,kp-bing-2026-10-01-g5.csv,Lifecycle spokes,General,,,False
website builder,4303,4303,,,,,,kp-bing-2026-10-01-g6.csv,Web presence,General,/website-builders-for-service-businesses/,slug match,True
real-estate available in your dream town,4238,4238,,,,,,kp-bing-2026-10-01-g3.csv,Unclassified,General,,,False
mls listings,3978,3978,,,,,,kp-bing-2026-10-01-g3.csv,Unclassified,General,,,False
vmware horizon client,3873,3873,,,,,,kp-bing-2026-10-01-g4.csv,Unclassified,General,,,False
survey,3867,3867,,,,,,kp-bing-2026-10-01-g4.csv,Unclassified,General,,,False
contract,3806,3806,,,,,,kp-bing-2026-10-01-g4.csv,Lifecycle spokes,General,,,False
google survey,3790,3790,,,,,,kp-bing-2026-10-01-g4.csv,Unclassified,General,,,False
property,3746,3746,,,,,,kp-bing-2026-10-01-g3.csv,Unclassified,General,,,False
wurst client,3739,3739,,,,,,kp-bing-2026-10-01-g4.csv,Unclassified,General,,,False
scheduling,3690,3690,,,,,,kp-bing-2026-10-01-g5.csv,Lifecycle spokes,General,,,False
jot form,3670,3670,,,,,,kp-bing-2026-10-01-g4.csv,Lifecycle spokes,General,,,False
google document,3643,3643,,,,,,kp-bing-2026-10-01-g4.csv,Unclassified,General,,,False
www.wix.com login,3623,3623,,,,,,kp-bing-2026-10-01-g6.csv,Web presence,General,,,False
remax listings,3617,3617,,,,,,kp-bing-2026-10-01-g3.csv,Unclassified,General,,,False
handbook,3564,3564,,,,,,kp-bing-2026-10-01-g2.csv,Unclassified,General,,,False
zillow listings,3539,3539,,,,,,kp-bing-2026-10-01-g3.csv,Unclassified,General,,,False
schwab client login my account,3536,3536,,,,,,kp-bing-2026-10-01-g4.csv,Unclassified,General,,,False
real estate for sale,3531,3531,,,,,,kp-bing-2026-10-01-g3.csv,Unclassified,Real estate,,,False
free website builder,3528,3528,,,,,,kp-bing-2026-10-01-g6.csv,Web presence,General,/website-builders-for-service-businesses/,slug match,True
dell client management service,3435,3435,,,,,,kp-bing-2026-10-01-g2.csv,CRM core,General,,,False
cb,3423,3423,,,,,,kp-bing-2026-10-01-g3.csv,Unclassified,General,,,False
real estate license,3376,3376,,,,,,kp-bing-2026-10-01-g3.csv,Unclassified,Real estate,,,False
intakeq,3309,3309,,,,,,kp-bing-2026-10-01-g4.csv,Lifecycle spokes,General,,,False
i9 document list,3284,3284,,,,,,kp-bing-2026-10-01-g4.csv,Unclassified,General,,,False
lawyer,3258,3258,,,,,,kp-bing-2026-10-01-g1.csv,Unclassified,Legal,,,False
howard hanna real estate,3159,3159,,,,,,kp-bing-2026-10-01-g3.csv,Unclassified,Real estate,,,False
omegle alternatives,3151,3151,,,,,,kp-bing-2026-10-01-g2.csv,Unclassified,General,,,False
zillow homes for sale website,3055,3055,,,,,,kp-bing-2026-10-01-g3.csv,Web presence,General,,,False
wells fargo advisors client login,3055,3055,,,,,,kp-bing-2026-10-01-g4.csv,Unclassified,General,,,False
adviceworks client portal,3051,3051,,,,,,kp-bing-2026-10-01-g1.csv,CRM core,General,,,False
uscis online account,3048,3048,,,,,,kp-bing-2026-10-01-g4.csv,Unclassified,General,,,False
blank word document,3019,3019,,,,,,kp-bing-2026-10-01-g4.csv,Unclassified,General,,,False
digital signature,2954,2954,,,,,,kp-bing-2026-10-01-g4.csv,Lifecycle spokes,General,,,True
champions school of real estate,2901,2901,,,,,,kp-bing-2026-10-01-g3.csv,Unclassified,Real estate,,,False
prestige client,2846,2846,,,,,,kp-bing-2026-10-01-g4.csv,Unclassified,General,,,False
utah real estate,2814,2814,,,,,,kp-bing-2026-10-01-g3.csv,Unclassified,Real estate,,,False
alternative,2797,2797,,,,,,kp-bing-2026-10-01-g2.csv,Unclassified,General,,,False
sotheby's real estate,2796,2796,,,,,,kp-bing-2026-10-01-g3.csv,Unclassified,Real estate,/best-client-management-software-real-estate/,slug match,False
microsoft dynamics 365,2785,2785,,,,,,kp-bing-2026-10-01-g2.csv,Unclassified,General,,,False
berkshire hathaway real estate,2785,2785,,,,,,kp-bing-2026-10-01-g3.csv,Unclassified,Real estate,,,False
document camera,2733,2733,,,,,,kp-bing-2026-10-01-g4.csv,Unclassified,General,,,False
booking com,2723,2723,,,,,,kp-bing-2026-10-01-g5.csv,Lifecycle spokes,General,,,False
kayak flights search,2719,2719,,,,,,kp-bing-2026-10-01-g5.csv,Unclassified,General,,,False
tuff client,2713,2713,,,,,,kp-bing-2026-10-01-g4.csv,Unclassified,General,,,False
microsoft dynamics,2704,2704,,,,,,kp-bing-2026-10-01-g2.csv,Unclassified,General,,,False
reality,2697,2697,,,,,,kp-bing-2026-10-01-g3.csv,Unclassified,General,,,False
zillow property search,2674,2674,,,,,,kp-bing-2026-10-01-g3.csv,Unclassified,General,,,False
zi,2667,2667,,,,,,kp-bing-2026-10-01-g3.csv,Unclassified,General,,,False
esign,2662,2662,,,,,,kp-bing-2026-10-01-g4.csv,Lifecycle spokes,General,,,True
xnxxpornvideos,2635,2635,,,,,,kp-bing-2026-10-01-g1.csv,Unclassified,General,,,False
www.simplepractice.com login,2591,2591,,,,,,kp-bing-2026-10-01-g1.csv,Unclassified,General,,,False
realtors near me,2585,2585,,,,,,kp-bing-2026-10-01-g3.csv,Unclassified,Real estate,,,False
scanner document,2577,2577,,,,,,kp-bing-2026-10-01-g4.csv,Unclassified,General,,,False
proposal central,2498,2498,,,,,,kp-bing-2026-10-01-g5.csv,Lifecycle spokes,General,,,False
how to create a website,2493,2493,,,,,,kp-bing-2026-10-01-g6.csv,Web presence,General,,,True
website maker,2455,2455,,,,,,kp-bing-2026-10-01-g6.csv,Web presence,General,,,False
googleforms,2440,2440,,,,,,kp-bing-2026-10-01-g4.csv,Lifecycle spokes,General,,,False
homes.com for sale,2395,2395,,,,,,kp-bing-2026-10-01-g3.csv,Unclassified,General,,,False
onbase unity client,2392,2392,,,,,,kp-bing-2026-10-01-g4.csv,Unclassified,General,,,False
krypton client,2353,2353,,,,,,kp-bing-2026-10-01-g4.csv,Unclassified,General,,,False
lawyers near me,2352,2352,,,,,,kp-bing-2026-10-01-g1.csv,Unclassified,Legal,,,False
word document online,2352,2352,,,,,,kp-bing-2026-10-01-g4.csv,Unclassified,General,,,False
home for sale,2307,2307,,,,,,kp-bing-2026-10-01-g3.csv,Unclassified,General,,,False
century 21 real estate,2303,2303,,,,,,kp-bing-2026-10-01-g3.csv,Unclassified,Real estate,,,False
booking hotel,2302,2302,,,,,,kp-bing-2026-10-01-g5.csv,Lifecycle spokes,General,,,False
how to make a website,2269,2269,,,,,,kp-bing-2026-10-01-g6.csv,Web presence,General,,,True
homes near me,2264,2264,,,,,,kp-bing-2026-10-01-g3.csv,Unclassified,General,,,False
awards,2253,2253,,,,,,kp-bing-2026-10-01-g6.csv,Unclassified,General,,,False
houses for sale zillow,2234,2234,,,,,,kp-bing-2026-10-01-g3.csv,Unclassified,General,,,False
jotforms,2195,2195,,,,,,kp-bing-2026-10-01-g4.csv,Lifecycle spokes,General,,,False
project management tools,2189,2189,,,,,,kp-bing-2026-10-01-g1.csv,Unclassified,General,,,False
law,2162,2162,,,,,,kp-bing-2026-10-01-g1.csv,Unclassified,Legal,/best-crm-for-law-firms/,slug match,False
ai website builder,2161,2161,,,,,,kp-bing-2026-10-01-g6.csv,Web presence,General,,,True
top websites in the world microsoft,2128,2128,,,,,,kp-bing-2026-10-01-g6.csv,Web presence,General,,,False
realestate,2120,2120,,,,,,kp-bing-2026-10-01-g3.csv,Unclassified,General,,,False
lunar client download,2110,2110,,,,,,kp-bing-2026-10-01-g4.csv,Unclassified,General,,,False
honeybook login,2109,2109,,,,,,kp-bing-2026-10-01-g2.csv,CRM core,General,,,False
intakeq login,2069,2069,,,,,,kp-bing-2026-10-01-g4.csv,Lifecycle spokes,General,,,False
signature creator,2064,2064,,,,,,kp-bing-2026-10-01-g4.csv,Lifecycle spokes,General,,,False
godaddy website,2051,2051,,,,,,kp-bing-2026-10-01-g6.csv,Web presence,General,,,False
microsoft survey,2035,2035,,,,,,kp-bing-2026-10-01-g4.csv,Unclassified,General,,,False
houses near me for sale,2010,2010,,,,,,kp-bing-2026-10-01-g3.csv,Unclassified,General,,,False
client portal,1988,1988,,,,,,kp-bing-2026-10-01-g4.csv,CRM core,General,,,False
dawn client,1983,1983,,,,,,kp-bing-2026-10-01-g4.csv,Unclassified,General,,,False
intake,1944,1944,,,,,,kp-bing-2026-10-01-g4.csv,Lifecycle spokes,General,,,False
intake form,1903,1903,,,,,,kp-bing-2026-10-01-g4.csv,Lifecycle spokes,General,,,True
google forms create,1894,1894,,,,,,kp-bing-2026-10-01-g4.csv,Lifecycle spokes,General,,,False
zillow real estate,1890,1890,,,,,,kp-bing-2026-10-01-g3.csv,Unclassified,Real estate,,,False
attorney search,1878,1878,,,,,,kp-bing-2026-10-01-g1.csv,Unclassified,Legal,,,False
kayak flights official site,1875,1875,,,,,,kp-bing-2026-10-01-g5.csv,Unclassified,General,,,False
what is a crm,1865,1865,,,,,,kp-bing-2026-10-01-g2.csv,CRM core,General,/what-is-client-relationship-management-software/,slug match,False
client central,1860,1860,,,,,,kp-bing-2026-10-01-g4.csv,Unclassified,General,,,False
electronic signature,1845,1845,,,,,,kp-bing-2026-10-01-g4.csv,Lifecycle spokes,General,,,True
vrad client access,1831,1831,,,,,,kp-bing-2026-10-01-g4.csv,Unclassified,General,,,False
wix website builder,1816,1816,,,,,,kp-bing-2026-10-01-g6.csv,Web presence,General,,,True
awwa,1812,1812,,,,,,kp-bing-2026-10-01-g6.csv,Unclassified,General,,,False
azure vpn client,1806,1806,,,,,,kp-bing-2026-10-01-g4.csv,Out of scope,General,,,False
simplepractice login,1780,1780,,,,,,kp-bing-2026-10-01-g1.csv,Unclassified,General,,,False
new hire packet,1780,1780,,,,,,kp-bing-2026-10-01-g5.csv,Unclassified,General,,,False
flights booking,1780,1780,,,,,,kp-bing-2026-10-01-g5.csv,Lifecycle spokes,General,,,False
riot client download,1773,1773,,,,,,kp-bing-2026-10-01-g4.csv,Unclassified,General,,,False
flarial client,1765,1765,,,,,,kp-bing-2026-10-01-g4.csv,Unclassified,General,,,False
real estate in italy,1722,1722,,,,,,kp-bing-2026-10-01-g3.csv,Unclassified,Real estate,,,False
american equity client login,1706,1706,,,,,,kp-bing-2026-10-01-g4.csv,Unclassified,General,,,False
for sale,1702,1702,,,,,,kp-bing-2026-10-01-g3.csv,Unclassified,General,,,False
phone book,1692,1692,,,,,,kp-bing-2026-10-01-g2.csv,Unclassified,General,,,False
scan document,1679,1679,,,,,,kp-bing-2026-10-01-g4.csv,Unclassified,General,,,False
horizon client,1670,1670,,,,,,kp-bing-2026-10-01-g4.csv,Unclassified,General,,,False
realty,1664,1664,,,,,,kp-bing-2026-10-01-g3.csv,Unclassified,General,,,False
recent document,1662,1662,,,,,,kp-bing-2026-10-01-g4.csv,Unclassified,General,,,False
fidelity investments client log in,1651,1651,,,,,,kp-bing-2026-10-01-g4.csv,Unclassified,General,,,False
new document,1646,1646,,,,,,kp-bing-2026-10-01-g4.csv,Unclassified,General,,,False
realtors,1641,1641,,,,,,kp-bing-2026-10-01-g3.csv,Unclassified,Real estate,,,False
zillow homes,1631,1631,,,,,,kp-bing-2026-10-01-g3.csv,Unclassified,General,,,False
network.curaspan.com quick case client,1621,1621,,,,,,kp-bing-2026-10-01-g4.csv,Unclassified,General,,,False
remote deposit web client,1604,1604,,,,,,kp-bing-2026-10-01-g4.csv,Unclassified,General,,,False
chicos official website for women,1595,1595,,,,,,kp-bing-2026-10-01-g6.csv,Web presence,General,,,False
the proposal,1592,1592,,,,,,kp-bing-2026-10-01-g5.csv,Lifecycle spokes,General,,,False
booking flights,1587,1587,,,,,,kp-bing-2026-10-01-g5.csv,Lifecycle spokes,General,,,False
modern client,1585,1585,,,,,,kp-bing-2026-10-01-g4.csv,Unclassified,General,,,False
most visited websites,1580,1580,,,,,,kp-bing-2026-10-01-g6.csv,Web presence,General,,,False
homes for sale zillow,1567,1567,,,,,,kp-bing-2026-10-01-g3.csv,Unclassified,General,,,False
kayak company,1527,1527,,,,,,kp-bing-2026-10-01-g5.csv,Unclassified,General,,,False
crm software,1512,1512,,,,,,kp-bing-2026-10-01-g2.csv,CRM core,General,/what-is-client-relationship-management-software/,slug match,False
word document login,1509,1509,,,,,,kp-bing-2026-10-01-g4.csv,Unclassified,General,,,False
doomsday client,1494,1494,,,,,,kp-bing-2026-10-01-g4.csv,Unclassified,General,,,False
loopnet commercial real estate,1492,1492,,,,,,kp-bing-2026-10-01-g3.csv,Unclassified,Real estate,,,False
pdf filler free,1482,1482,,,,,,kp-bing-2026-10-01-g4.csv,Unclassified,General,,,False
ssi client portal login,1479,1479,,,,,,kp-bing-2026-10-01-g1.csv,CRM core,General,,,False
texas real estate commission,1461,1461,,,,,,kp-bing-2026-10-01-g3.csv,Unclassified,Real estate,,,False
allegheny county real estate,1449,1449,,,,,,kp-bing-2026-10-01-g3.csv,Unclassified,Real estate,,,False
digital signatures,1444,1444,,,,,,kp-bing-2026-10-01-g4.csv,Lifecycle spokes,General,,,True
google word document,1442,1442,,,,,,kp-bing-2026-10-01-g4.csv,Unclassified,General,,,False
document management platforms,1437,1437,,,,,,kp-bing-2026-10-01-g4.csv,Lifecycle spokes,General,,,False
cisco secure client vpn,1435,1435,,,,,,kp-bing-2026-10-01-g4.csv,Out of scope,General,,,False
signed,1430,1430,,,,,,kp-bing-2026-10-01-g4.csv,Unclassified,General,,,False
best free alternatives to photoshop,1412,1412,,,,,,kp-bing-2026-10-01-g2.csv,Unclassified,General,,,False
best free vpn alternatives,1405,1405,,,,,,kp-bing-2026-10-01-g2.csv,Out of scope,General,,,False
morgan stanley client login,1405,1405,,,,,,kp-bing-2026-10-01-g4.csv,Unclassified,General,,,False
ipevo document camera,1393,1393,,,,,,kp-bing-2026-10-01-g4.csv,Unclassified,General,,,False
alabama real estate commission,1383,1383,,,,,,kp-bing-2026-10-01-g3.csv,Unclassified,Real estate,,,False
beyond finance client login,1378,1378,,,,,,kp-bing-2026-10-01-g4.csv,Unclassified,General,,,False
canva website,1348,1348,,,,,,kp-bing-2026-10-01-g6.csv,Web presence,General,,,False
house near me,1339,1339,,,,,,kp-bing-2026-10-01-g3.csv,Unclassified,General,,,False
homes for sale near me zillow,1335,1335,,,,,,kp-bing-2026-10-01-g3.csv,Unclassified,General,,,False
contracts,1333,1333,,,,,,kp-bing-2026-10-01-g4.csv,Lifecycle spokes,General,,,False
paycom login client,1332,1332,,,,,,kp-bing-2026-10-01-g4.csv,Unclassified,General,,,False
suralink client login,1323,1323,,,,,,kp-bing-2026-10-01-g4.csv,Unclassified,General,,,False
real estate in my dream town,1317,1317,,,,,,kp-bing-2026-10-01-g3.csv,Unclassified,Real estate,,,False
real estate agent,1311,1311,,,,,,kp-bing-2026-10-01-g3.csv,Unclassified,Real estate,,,False
booking.com flights,1309,1309,,,,,,kp-bing-2026-10-01-g5.csv,Lifecycle spokes,General,,,False
wellsfargoadvisors.com login client,1288,1288,,,,,,kp-bing-2026-10-01-g4.csv,Unclassified,General,,,False
squarespace website,1287,1287,,,,,,kp-bing-2026-10-01-g6.csv,Web presence,General,,,False
charles schwab client login page,1271,1271,,,,,,kp-bing-2026-10-01-g4.csv,Unclassified,General,,,False
remax realty,1263,1263,,,,,,kp-bing-2026-10-01-g3.csv,Unclassified,General,,,False
what is your purpose top websites in the world,1263,1263,,,,,,kp-bing-2026-10-01-g6.csv,Web presence,General,,,False
jot,1248,1248,,,,,,kp-bing-2026-10-01-g4.csv,Unclassified,General,,,False
allied real estate school,1238,1238,,,,,,kp-bing-2026-10-01-g3.csv,Unclassified,Real estate,,,False
dmv appointment scheduling,1226,1226,,,,,,kp-bing-2026-10-01-g5.csv,Lifecycle spokes,General,,,False
amazon official website for shopping,1226,1226,,,,,,kp-bing-2026-10-01-g6.csv,Web presence,General,,,False
house for sale zillow,1225,1225,,,,,,kp-bing-2026-10-01-g3.csv,Unclassified,General,,,False
avd remote desktop client,1224,1224,,,,,,kp-bing-2026-10-01-g4.csv,Out of scope,General,,,False
websites,1217,1217,,,,,,kp-bing-2026-10-01-g6.csv,Web presence,General,,,False
google translate document,1210,1210,,,,,,kp-bing-2026-10-01-g4.csv,Unclassified,General,,,False
paycom client,1209,1209,,,,,,kp-bing-2026-10-01-g4.csv,Unclassified,General,,,False
real estate for sale near me,1205,1205,,,,,,kp-bing-2026-10-01-g3.csv,Unclassified,Real estate,,,False
badlion client,1205,1205,,,,,,kp-bing-2026-10-01-g4.csv,Unclassified,General,,,False
25 30 top websites in the world,1205,1205,,,,,,kp-bing-2026-10-01-g6.csv,Web presence,General,,,False
steam client,1203,1203,,,,,,kp-bing-2026-10-01-g4.csv,Unclassified,General,,,False
signing,1199,1199,,,,,,kp-bing-2026-10-01-g4.csv,Lifecycle spokes,General,/best-doc-signing-tools/,slug match,False
windermere real estate,1198,1198,,,,,,kp-bing-2026-10-01-g3.csv,Unclassified,Real estate,,,False
inswan document camera,1190,1190,,,,,,kp-bing-2026-10-01-g4.csv,Unclassified,General,,,False
zello real estate,1179,1179,,,,,,kp-bing-2026-10-01-g3.csv,Unclassified,Real estate,,,False
website builder free,1165,1165,,,,,,kp-bing-2026-10-01-g6.csv,Web presence,General,/website-builders-for-service-businesses/,slug match,True
scan a document from printer,1160,1160,,,,,,kp-bing-2026-10-01-g4.csv,Unclassified,General,,,False
esignature,1153,1153,,,,,,kp-bing-2026-10-01-g4.csv,Lifecycle spokes,General,,,True
project management software,1150,1150,,,,,,kp-bing-2026-10-01-g1.csv,Unclassified,General,,,False
trump rejects iran's latest proposal to reopen strait of hormuz,1146,1146,,,,,,kp-bing-2026-10-01-g5.csv,Lifecycle spokes,General,,,False
godaddy website builder,1144,1144,,,,,,kp-bing-2026-10-01-g6.csv,Web presence,General,,,True
new hire,1141,1141,,,,,,kp-bing-2026-10-01-g5.csv,Unclassified,General,,,False
top websites in the worldseattle,1140,1140,,,,,,kp-bing-2026-10-01-g6.csv,Web presence,General,,,False
jotform.com login,1138,1138,,,,,,kp-bing-2026-10-01-g4.csv,Lifecycle spokes,General,,,False
arizona department of real estate,1132,1132,,,,,,kp-bing-2026-10-01-g3.csv,Unclassified,Real estate,,,False
top websites in the worldworld,1131,1131,,,,,,kp-bing-2026-10-01-g6.csv,Web presence,General,,,False
wake county real estate,1127,1127,,,,,,kp-bing-2026-10-01-g3.csv,Unclassified,Real estate,,,False
sonora quest appointment scheduling,1114,1114,,,,,,kp-bing-2026-10-01-g5.csv,Lifecycle spokes,General,,,False
coomeet alternatives free,1110,1110,,,,,,kp-bing-2026-10-01-g2.csv,Unclassified,General,,,False
chas schwab client log in,1109,1109,,,,,,kp-bing-2026-10-01-g4.csv,Unclassified,General,,,False
flingster alternatives,1108,1108,,,,,,kp-bing-2026-10-01-g2.csv,Unclassified,General,,,False
lawyers,1107,1107,,,,,,kp-bing-2026-10-01-g1.csv,Unclassified,Legal,,,False
ssi client portal,1104,1104,,,,,,kp-bing-2026-10-01-g1.csv,CRM core,General,,,False
real estate school,1090,1090,,,,,,kp-bing-2026-10-01-g3.csv,Unclassified,Real estate,,,False
order form,1089,1089,,,,,,kp-bing-2026-10-01-g4.csv,Lifecycle spokes,General,,,False
top websites in the worldmicrosoft.com,1084,1084,,,,,,kp-bing-2026-10-01-g6.csv,Web presence,General,,,False
netxinvestor client login,1068,1068,,,,,,kp-bing-2026-10-01-g4.csv,Unclassified,General,,,False
steam client webhelper,1059,1059,,,,,,kp-bing-2026-10-01-g4.csv,Unclassified,General,,,False
property for sale near me,1051,1051,,,,,,kp-bing-2026-10-01-g3.csv,Unclassified,General,,,False
signatures,1036,1036,,,,,,kp-bing-2026-10-01-g4.csv,Lifecycle spokes,General,,,False
adviceworks client login,1032,1032,,,,,,kp-bing-2026-10-01-g4.csv,Unclassified,General,,,False
shopify website builder,1022,1022,,,,,,kp-bing-2026-10-01-g6.csv,Web presence,General,,,True
zillow',1004,1004,,,,,,kp-bing-2026-10-01-g3.csv,Unclassified,General,,,False
untitled document,1001,1001,,,,,,kp-bing-2026-10-01-g4.csv,Unclassified,General,,,False
signature maker,996,996,,,,,,kp-bing-2026-10-01-g4.csv,Lifecycle spokes,General,,,False
property for sale,983,983,,,,,,kp-bing-2026-10-01-g3.csv,Unclassified,General,,,False
blank document to type on,979,979,,,,,,kp-bing-2026-10-01-g4.csv,Unclassified,General,,,False
georgia real estate commission,976,976,,,,,,kp-bing-2026-10-01-g3.csv,Unclassified,Real estate,,,False
jack henry client portal,963,963,,,,,,kp-bing-2026-10-01-g1.csv,CRM core,General,,,False
attorneys,950,950,,,,,,kp-bing-2026-10-01-g1.csv,Unclassified,Legal,,,False
worldtop websites in the world,944,944,,,,,,kp-bing-2026-10-01-g6.csv,Web presence,General,,,False
zscaler client connector,943,943,,,,,,kp-bing-2026-10-01-g4.csv,Unclassified,General,,,False
maarc reporting online form,932,932,,,,,,kp-bing-2026-10-01-g4.csv,Lifecycle spokes,General,,,False
sign pdf,931,931,,,,,,kp-bing-2026-10-01-g4.csv,Unclassified,General,,,False
intake q,911,911,,,,,,kp-bing-2026-10-01-g4.csv,Lifecycle spokes,General,,,False
raymondjames.com client access,909,909,,,,,,kp-bing-2026-10-01-g4.csv,Unclassified,General,,,False
houses for sale near me zillow,905,905,,,,,,kp-bing-2026-10-01-g3.csv,Unclassified,General,,,False
har real estate,905,905,,,,,,kp-bing-2026-10-01-g3.csv,Unclassified,Real estate,,,False
chase private client login,900,900,,,,,,kp-bing-2026-10-01-g4.csv,Unclassified,General,,,False
free forms,892,892,,,,,,kp-bing-2026-10-01-g4.csv,Lifecycle spokes,General,,,False
add signature to pdf,892,892,,,,,,kp-bing-2026-10-01-g4.csv,Lifecycle spokes,General,,,False
new word document,876,876,,,,,,kp-bing-2026-10-01-g4.csv,Unclassified,General,,,False
squarespace.com,872,872,,,,,,kp-bing-2026-10-01-g6.csv,Web presence,General,,,False
onboarding checklist,871,871,,,,,,kp-bing-2026-10-01-g5.csv,Lifecycle spokes,General,,,True
go to bing.com top websites in the world,867,867,,,,,,kp-bing-2026-10-01-g6.csv,Web presence,General,,,False
real estate available,862,862,,,,,,kp-bing-2026-10-01-g3.csv,Unclassified,Real estate,,,False
zillow houses for sale,859,859,,,,,,kp-bing-2026-10-01-g3.csv,Unclassified,General,,,False
kaplan real estate,859,859,,,,,,kp-bing-2026-10-01-g3.csv,Unclassified,Real estate,,,False
dd-214 document,859,859,,,,,,kp-bing-2026-10-01-g4.csv,Unclassified,General,,,False
123movies alternatives,854,854,,,,,,kp-bing-2026-10-01-g2.csv,Unclassified,General,,,False
www.netxinvestor.com client login,842,842,,,,,,kp-bing-2026-10-01-g4.csv,Unclassified,General,,,False
pdf signature,839,839,,,,,,kp-bing-2026-10-01-g4.csv,Lifecycle spokes,General,,,False
labcorp appointment scheduling,839,839,,,,,,kp-bing-2026-10-01-g5.csv,Lifecycle spokes,General,,,False
flight booking,839,839,,,,,,kp-bing-2026-10-01-g5.csv,Lifecycle spokes,General,,,False
real-estate,838,838,,,,,,kp-bing-2026-10-01-g3.csv,Unclassified,General,/best-client-management-software-real-estate/,slug match,False
microsoft xps document writer,828,828,,,,,,kp-bing-2026-10-01-g4.csv,Unclassified,General,,,False
unity client,828,828,,,,,,kp-bing-2026-10-01-g4.csv,Unclassified,General,,,False
parallels client,827,827,,,,,,kp-bing-2026-10-01-g4.csv,Unclassified,General,,,False
stretto document portal,825,825,,,,,,kp-bing-2026-10-01-g4.csv,Unclassified,General,,,False
first command client portal,820,820,,,,,,kp-bing-2026-10-01-g1.csv,CRM core,General,,,False
free website,820,820,,,,,,kp-bing-2026-10-01-g6.csv,Web presence,General,/website-builders-for-service-businesses/,slug match,False
zillow.,817,817,,,,,,kp-bing-2026-10-01-g3.csv,Unclassified,General,,,False
awwwards,815,815,,,,,,kp-bing-2026-10-01-g6.csv,Unclassified,General,,,False
how to build a website,810,810,,,,,,kp-bing-2026-10-01-g6.csv,Web presence,General,,,True
scan a document,809,809,,,,,,kp-bing-2026-10-01-g4.csv,Unclassified,General,,,False
walgreens document printing,805,805,,,,,,kp-bing-2026-10-01-g4.csv,Unclassified,General,,,False
real estate available near me,798,798,,,,,,kp-bing-2026-10-01-g3.csv,Unclassified,Real estate,,,False
zillow.com real estate,797,797,,,,,,kp-bing-2026-10-01-g3.csv,Unclassified,Real estate,,,False
ssh client,793,793,,,,,,kp-bing-2026-10-01-g4.csv,Unclassified,General,,,False
google polls,787,787,,,,,,kp-bing-2026-10-01-g4.csv,Unclassified,General,,,False
online word document,786,786,,,,,,kp-bing-2026-10-01-g4.csv,Unclassified,General,,,False
self service client,781,781,,,,,,kp-bing-2026-10-01-g4.csv,Unclassified,General,,,False
website design,779,779,,,,,,kp-bing-2026-10-01-g6.csv,Lifecycle spokes,General,,,True
squarespace log in,774,774,,,,,,kp-bing-2026-10-01-g6.csv,Web presence,General,,,False
free word document online,773,773,,,,,,kp-bing-2026-10-01-g4.csv,Unclassified,General,,,False
irs appointment scheduling,772,772,,,,,,kp-bing-2026-10-01-g5.csv,Lifecycle spokes,General,,,False
website creator,771,771,,,,,,kp-bing-2026-10-01-g6.csv,Web presence,General,,,False
em client,765,765,,,,,,kp-bing-2026-10-01-g4.csv,Unclassified,General,/what-is-client-relationship-management-software/,slug match,False
rjf client access,760,760,,,,,,kp-bing-2026-10-01-g4.csv,Unclassified,General,,,False
create a website,756,756,,,,,,kp-bing-2026-10-01-g6.csv,Web presence,General,,,False
simple practice client portal,755,755,,,,,,kp-bing-2026-10-01-g1.csv,CRM core,General,,,False
omnissa horizon client download,754,754,,,,,,kp-bing-2026-10-01-g4.csv,Unclassified,General,,,False
alm client launcher,753,753,,,,,,kp-bing-2026-10-01-g4.csv,Unclassified,General,,,False
123 movies alternatives,751,751,,,,,,kp-bing-2026-10-01-g2.csv,Unclassified,General,,,False
oderso client,750,750,,,,,,kp-bing-2026-10-01-g4.csv,Unclassified,General,,,False
aceable real estate,749,749,,,,,,kp-bing-2026-10-01-g3.csv,Unclassified,Real estate,,,False
mail at abc@microsoft.com top websites in the world,747,747,,,,,,kp-bing-2026-10-01-g6.csv,Web presence,General,,,False
re/max,743,743,,,,,,kp-bing-2026-10-01-g3.csv,Unclassified,General,,,False
how to scan a document,742,742,,,,,,kp-bing-2026-10-01-g4.csv,Unclassified,General,,,False
free document creator,739,739,,,,,,kp-bing-2026-10-01-g4.csv,Unclassified,General,,,False
new hire checklist,735,735,,,,,,kp-bing-2026-10-01-g5.csv,Unclassified,General,,,False
hunt real estate,727,727,,,,,,kp-bing-2026-10-01-g3.csv,Unclassified,Real estate,,,False
award,727,727,,,,,,kp-bing-2026-10-01-g6.csv,Unclassified,General,,,False
how to make a website for free,722,722,,,,,,kp-bing-2026-10-01-g6.csv,Web presence,General,,,True
loveable website builder,716,716,,,,,,kp-bing-2026-10-01-g6.csv,Web presence,General,,,True
cloudflare one client,715,715,,,,,,kp-bing-2026-10-01-g4.csv,Unclassified,General,,,False
how to download a word document,709,709,,,,,,kp-bing-2026-10-01-g4.csv,Unclassified,General,,,False
create signature,701,701,,,,,,kp-bing-2026-10-01-g4.csv,Lifecycle spokes,General,,,False
opco client login,698,698,,,,,,kp-bing-2026-10-01-g4.csv,Unclassified,General,,,False
mrec,694,694,,,,,,kp-bing-2026-10-01-g3.csv,Unclassified,General,,,False
word document free download,689,689,,,,,,kp-bing-2026-10-01-g4.csv,Unclassified,General,,,False
document scanner,676,676,,,,,,kp-bing-2026-10-01-g4.csv,Unclassified,General,,,False
advice works client portal login,674,674,,,,,,kp-bing-2026-10-01-g1.csv,CRM core,General,,,False
screenconnect client,674,674,,,,,,kp-bing-2026-10-01-g4.csv,Unclassified,General,,,False
logmein client,670,670,,,,,,kp-bing-2026-10-01-g4.csv,Unclassified,General,,,False
zillow real estate listings,668,668,,,,,,kp-bing-2026-10-01-g3.csv,Unclassified,Real estate,,,False
remax real estate near me,660,660,,,,,,kp-bing-2026-10-01-g3.csv,Unclassified,Real estate,,,False
arc document solutions,660,660,,,,,,kp-bing-2026-10-01-g4.csv,Unclassified,General,,,False
e signature pdf,659,659,,,,,,kp-bing-2026-10-01-g4.csv,Lifecycle spokes,General,,,False
dell client management service enable,658,658,,,,,,kp-bing-2026-10-01-g2.csv,CRM core,General,,,False
proposal template,657,657,,,,,,kp-bing-2026-10-01-g5.csv,Lifecycle spokes,General,,,True
how to edit a pdf document,655,655,,,,,,kp-bing-2026-10-01-g4.csv,Unclassified,General,,,False
client track login,655,655,,,,,,kp-bing-2026-10-01-g4.csv,Unclassified,General,,,False
new document word,652,652,,,,,,kp-bing-2026-10-01-g4.csv,Unclassified,General,,,False
firms,650,650,,,,,,kp-bing-2026-10-01-g1.csv,Unclassified,General,/best-crm-for-law-firms/,slug match,False
open word document,646,646,,,,,,kp-bing-2026-10-01-g4.csv,Unclassified,General,,,False
filezilla client,646,646,,,,,,kp-bing-2026-10-01-g4.csv,Unclassified,General,,,False
remax realtors,639,639,,,,,,kp-bing-2026-10-01-g3.csv,Unclassified,Real estate,,,False
business proposal,627,627,,,,,,kp-bing-2026-10-01-g5.csv,Lifecycle spokes,General,,,False
vatsim radar client,626,626,,,,,,kp-bing-2026-10-01-g4.csv,Unclassified,General,,,False
word blank document,622,622,,,,,,kp-bing-2026-10-01-g4.csv,Unclassified,General,,,False
jotform app,621,621,,,,,,kp-bing-2026-10-01-g4.csv,Lifecycle spokes,General,,,False
document camera app,621,621,,,,,,kp-bing-2026-10-01-g4.csv,Unclassified,General,,,False
square website builder,613,613,,,,,,kp-bing-2026-10-01-g6.csv,Web presence,General,,,True
document crunch,609,609,,,,,,kp-bing-2026-10-01-g4.csv,Unclassified,General,,,False
ibkr client portal,608,608,,,,,,kp-bing-2026-10-01-g1.csv,CRM core,General,,,False
real estate near me for sale,601,601,,,,,,kp-bing-2026-10-01-g3.csv,Unclassified,Real estate,,,False
registration form,597,597,,,,,,kp-bing-2026-10-01-g4.csv,Lifecycle spokes,General,,,False
real estate agents near me,596,596,,,,,,kp-bing-2026-10-01-g3.csv,Unclassified,Real estate,,,False
xps document writer,594,594,,,,,,kp-bing-2026-10-01-g4.csv,Unclassified,General,,,False
make a website,593,593,,,,,,kp-bing-2026-10-01-g6.csv,Web presence,General,,,False
fast client,590,590,,,,,,kp-bing-2026-10-01-g4.csv,Unclassified,General,,,False
homes near me for sale,587,587,,,,,,kp-bing-2026-10-01-g3.csv,Unclassified,General,,,False
practice better client portal,582,582,,,,,,kp-bing-2026-10-01-g1.csv,CRM core,General,,,False
bentley connection client,581,581,,,,,,kp-bing-2026-10-01-g4.csv,Unclassified,General,,,False
pdf to word document,575,575,,,,,,kp-bing-2026-10-01-g4.csv,Unclassified,General,,,False
azure document intelligence,574,574,,,,,,kp-bing-2026-10-01-g4.csv,Unclassified,General,,,False
streameast alternatives,573,573,,,,,,kp-bing-2026-10-01-g2.csv,Unclassified,General,,,False
document word,572,572,,,,,,kp-bing-2026-10-01-g4.csv,Unclassified,General,,,False
missouri real estate commission,570,570,,,,,,kp-bing-2026-10-01-g3.csv,Unclassified,Real estate,,,False
create a signature,570,570,,,,,,kp-bing-2026-10-01-g4.csv,Lifecycle spokes,General,,,False
law firms near me,569,569,,,,,,kp-bing-2026-10-01-g1.csv,Unclassified,Legal,,,False
google forms survey,568,568,,,,,,kp-bing-2026-10-01-g4.csv,Lifecycle spokes,General,,,False
chase private client,568,568,,,,,,kp-bing-2026-10-01-g4.csv,Unclassified,General,,,False
quest appointment scheduling,567,567,,,,,,kp-bing-2026-10-01-g5.csv,Lifecycle spokes,General,,,False
exacqvision client,565,565,,,,,,kp-bing-2026-10-01-g4.csv,Unclassified,General,,,False
document recovery,564,564,,,,,,kp-bing-2026-10-01-g4.csv,Unclassified,General,,,False
northeast alternatives,558,558,,,,,,kp-bing-2026-10-01-g2.csv,Unclassified,General,,,False
create a document,558,558,,,,,,kp-bing-2026-10-01-g4.csv,Unclassified,General,,,False
proposal central login,554,554,,,,,,kp-bing-2026-10-01-g5.csv,Lifecycle spokes,General,,,False
mls real estate,552,552,,,,,,kp-bing-2026-10-01-g3.csv,Unclassified,Real estate,,,False
agents,548,548,,,,,,kp-bing-2026-10-01-g3.csv,Unclassified,General,,,False
canva website builder,540,540,,,,,,kp-bing-2026-10-01-g6.csv,Web presence,General,,,True
how to make a google form,536,536,,,,,,kp-bing-2026-10-01-g4.csv,Lifecycle spokes,General,,,False
hostinger website builder,533,533,,,,,,kp-bing-2026-10-01-g6.csv,Web presence,General,,,True
indecent proposal,531,531,,,,,,kp-bing-2026-10-01-g5.csv,Lifecycle spokes,General,,,False
blank word document open,528,528,,,,,,kp-bing-2026-10-01-g4.csv,Unclassified,General,,,False
create document,527,527,,,,,,kp-bing-2026-10-01-g4.csv,Unclassified,General,,,False
client 360,526,526,,,,,,kp-bing-2026-10-01-g4.csv,Unclassified,General,,,False
vape client,523,523,,,,,,kp-bing-2026-10-01-g4.csv,Unclassified,General,,,False
tax dome client portal,515,515,,,,,,kp-bing-2026-10-01-g1.csv,CRM core,Accounting,,,False
google website builder,515,515,,,,,,kp-bing-2026-10-01-g6.csv,Web presence,General,,,True
jotform.com,512,512,,,,,,kp-bing-2026-10-01-g4.csv,Lifecycle spokes,General,,,False
sftp client,509,509,,,,,,kp-bing-2026-10-01-g4.csv,Unclassified,General,,,False
online signature,502,502,,,,,,kp-bing-2026-10-01-g4.csv,Lifecycle spokes,General,,,False
text document,501,501,,,,,,kp-bing-2026-10-01-g4.csv,Unclassified,General,,,False
real estate investing,499,499,,,,,,kp-bing-2026-10-01-g3.csv,Unclassified,Real estate,,,False
squarespace pricing,497,497,,,,,,kp-bing-2026-10-01-g6.csv,Web presence,General,,,True
thin client,496,496,,,,,,kp-bing-2026-10-01-g4.csv,Unclassified,General,,,False
hha exchange login client portal,495,495,,,,,,kp-bing-2026-10-01-g1.csv,CRM core,General,,,False
free microsoft word document,495,495,,,,,,kp-bing-2026-10-01-g4.csv,Unclassified,General,,,False
cato client,492,492,,,,,,kp-bing-2026-10-01-g4.csv,Unclassified,General,,,False
free signature generator,491,491,,,,,,kp-bing-2026-10-01-g4.csv,Lifecycle spokes,General,,,False
martindale hubbell lawyer search,485,485,,,,,,kp-bing-2026-10-01-g1.csv,Unclassified,Legal,,,False
labcorp appointment scheduling online,485,485,,,,,,kp-bing-2026-10-01-g5.csv,Lifecycle spokes,General,,,False
recover unsaved word document,484,484,,,,,,kp-bing-2026-10-01-g4.csv,Unclassified,General,,,False
document editor,483,483,,,,,,kp-bing-2026-10-01-g4.csv,Unclassified,General,,,False
apple store appointment online booking,482,482,,,,,,kp-bing-2026-10-01-g5.csv,Lifecycle spokes,General,,,False
best website builder,474,474,,,,,,kp-bing-2026-10-01-g6.csv,Web presence,General,/website-builders-for-service-businesses/,slug match,True
square website,474,474,,,,,,kp-bing-2026-10-01-g6.csv,Web presence,General,,,False
best lawyers,472,472,,,,,,kp-bing-2026-10-01-g1.csv,Unclassified,Legal,,,False
glazed client,472,472,,,,,,kp-bing-2026-10-01-g4.csv,Unclassified,General,,,False
website builders,468,468,,,,,,kp-bing-2026-10-01-g6.csv,Web presence,General,/website-builders-for-service-businesses/,slug match,True
squarespace website builder,466,466,,,,,,kp-bing-2026-10-01-g6.csv,Web presence,General,,,True
adobe document cloud,465,465,,,,,,kp-bing-2026-10-01-g4.csv,Unclassified,General,,,False
optima tax relief client portal,463,463,,,,,,kp-bing-2026-10-01-g1.csv,CRM core,Accounting,,,False
resent client,462,462,,,,,,kp-bing-2026-10-01-g4.csv,Unclassified,General,,,False
torrent client,457,457,,,,,,kp-bing-2026-10-01-g4.csv,Unclassified,General,,,False
labcorp online appointment scheduling,457,457,,,,,,kp-bing-2026-10-01-g5.csv,Lifecycle spokes,General,,,False
free ai website builder,457,457,,,,,,kp-bing-2026-10-01-g6.csv,Web presence,General,,,True
geek squad appointment scheduling,456,456,,,,,,kp-bing-2026-10-01-g5.csv,Lifecycle spokes,General,,,False
client list,452,452,,,,,,kp-bing-2026-10-01-g4.csv,Unclassified,General,,,False
workday website for employees,452,452,,,,,,kp-bing-2026-10-01-g6.csv,Web presence,General,,,False
florida realtors,450,450,,,,,,kp-bing-2026-10-01-g3.csv,Unclassified,Real estate,,,False
website for movies,450,450,,,,,,kp-bing-2026-10-01-g6.csv,Web presence,General,,,False
docs google document,449,449,,,,,,kp-bing-2026-10-01-g4.csv,Unclassified,General,,,False
paycom.com login client,449,449,,,,,,kp-bing-2026-10-01-g4.csv,Unclassified,General,,,False
word document download,441,441,,,,,,kp-bing-2026-10-01-g4.csv,Unclassified,General,,,False
dell client manager enable,433,433,,,,,,kp-bing-2026-10-01-g4.csv,Unclassified,General,,,False
houses near you,432,432,,,,,,kp-bing-2026-10-01-g3.csv,Unclassified,General,,,False
top websites in the world world,432,432,,,,,,kp-bing-2026-10-01-g6.csv,Web presence,General,,,False
ftp client,427,427,,,,,,kp-bing-2026-10-01-g4.csv,Unclassified,General,,,False
sign documents online,426,426,,,,,,kp-bing-2026-10-01-g4.csv,Unclassified,General,,,False
create a website for free,426,426,,,,,,kp-bing-2026-10-01-g6.csv,Web presence,General,,,False
real-estate near me,425,425,,,,,,kp-bing-2026-10-01-g3.csv,Unclassified,General,/best-client-management-software-real-estate/,slug match,False
client portal login,424,424,,,,,,kp-bing-2026-10-01-g1.csv,CRM core,General,,,False
martindale hubbell,423,423,,,,,,kp-bing-2026-10-01-g1.csv,Unclassified,General,,,False
real estate listings,420,420,,,,,,kp-bing-2026-10-01-g3.csv,Unclassified,Real estate,,,False
siemens document library,420,420,,,,,,kp-bing-2026-10-01-g4.csv,Unclassified,General,,,False
real estate websites,416,416,,,,,,kp-bing-2026-10-01-g3.csv,Web presence,Real estate,,,False
wix ai website builder,416,416,,,,,,kp-bing-2026-10-01-g6.csv,Web presence,General,,,True
accounting coach,415,415,,,,,,kp-bing-2026-10-01-g1.csv,Unclassified,Accounting,,,False
cvs document printing,411,411,,,,,,kp-bing-2026-10-01-g4.csv,Unclassified,General,,,False
martindale-hubbell,410,410,,,,,,kp-bing-2026-10-01-g1.csv,Unclassified,General,,,False
a modest proposal,409,409,,,,,,kp-bing-2026-10-01-g5.csv,Lifecycle spokes,General,,,False
character ai alternatives,408,408,,,,,,kp-bing-2026-10-01-g2.csv,Unclassified,General,,,False
ai website builder free,408,408,,,,,,kp-bing-2026-10-01-g6.csv,Web presence,General,,,True
proposals,407,407,,,,,,kp-bing-2026-10-01-g5.csv,Lifecycle spokes,General,,,False
real estate lawyer,406,406,,,,,,kp-bing-2026-10-01-g3.csv,Unclassified,Legal,,,False
taxdome client portal,401,401,,,,,,kp-bing-2026-10-01-g1.csv,CRM core,Accounting,,,True
electronic signature free,401,401,,,,,,kp-bing-2026-10-01-g4.csv,Lifecycle spokes,General,,,True
irs document upload tool,401,401,,,,,,kp-bing-2026-10-01-g4.csv,Unclassified,General,,,False
booking. com,397,397,,,,,,kp-bing-2026-10-01-g5.csv,Lifecycle spokes,General,,,False
dell client management service download,395,395,,,,,,kp-bing-2026-10-01-g2.csv,CRM core,General,,,False
agencies,394,394,,,,,,kp-bing-2026-10-01-g3.csv,Unclassified,Agencies,,,False
martindale,393,393,,,,,,kp-bing-2026-10-01-g1.csv,Unclassified,General,,,False
www.acuityscheduling.com login,392,392,,,,,,kp-bing-2026-10-01-g5.csv,Lifecycle spokes,General,,,False
accounting software for small business,391,391,,,,,,kp-bing-2026-10-01-g5.csv,Unclassified,Accounting,,,False
uscis online,388,388,,,,,,kp-bing-2026-10-01-g4.csv,Unclassified,General,,,False
word document blank,387,387,,,,,,kp-bing-2026-10-01-g4.csv,Unclassified,General,,,False
open dock appointment scheduling,385,385,,,,,,kp-bing-2026-10-01-g5.csv,Lifecycle spokes,General,,,False
signature image,383,383,,,,,,kp-bing-2026-10-01-g4.csv,Lifecycle spokes,General,,,False
how to download word document,383,383,,,,,,kp-bing-2026-10-01-g4.csv,Unclassified,General,,,False
appointment scheduler,380,380,,,,,,kp-bing-2026-10-01-g5.csv,Lifecycle spokes,General,,,False
realtor near me,376,376,,,,,,kp-bing-2026-10-01-g3.csv,Unclassified,Real estate,,,False
real estate companies,375,375,,,,,,kp-bing-2026-10-01-g3.csv,Unclassified,Real estate,,,False
document camera ipevo,375,375,,,,,,kp-bing-2026-10-01-g4.csv,Unclassified,General,,,False
chatgpt alternatives,371,371,,,,,,kp-bing-2026-10-01-g2.csv,Unclassified,General,,,False
word document microsoft,365,365,,,,,,kp-bing-2026-10-01-g4.csv,Unclassified,General,,,False
hianime alternatives,363,363,,,,,,kp-bing-2026-10-01-g2.csv,Unclassified,General,,,False
recover word document,361,361,,,,,,kp-bing-2026-10-01-g4.csv,Unclassified,General,,,False
lovable website builder,361,361,,,,,,kp-bing-2026-10-01-g6.csv,Web presence,General,,,True
freechatnow.com alternatives,360,360,,,,,,kp-bing-2026-10-01-g2.csv,Unclassified,General,,,False
e signature,359,359,,,,,,kp-bing-2026-10-01-g4.csv,Lifecycle spokes,General,,,False
coldwell banker realtors near me,357,357,,,,,,kp-bing-2026-10-01-g3.csv,Unclassified,Real estate,,,False
real estate companies near me,356,356,,,,,,kp-bing-2026-10-01-g3.csv,Unclassified,Real estate,,,False
kyocera document solutions,355,355,,,,,,kp-bing-2026-10-01-g4.csv,Unclassified,General,,,False
google docs word document,354,354,,,,,,kp-bing-2026-10-01-g4.csv,Unclassified,General,,,False
google survey form,353,353,,,,,,kp-bing-2026-10-01-g4.csv,Lifecycle spokes,General,,,False
weebly website builder,353,353,,,,,,kp-bing-2026-10-01-g6.csv,Web presence,General,,,True
grants for small business,348,348,,,,,,kp-bing-2026-10-01-g5.csv,Unclassified,General,,,False
google docs document,347,347,,,,,,kp-bing-2026-10-01-g4.csv,Unclassified,General,,,False
intake q log in,341,341,,,,,,kp-bing-2026-10-01-g4.csv,Lifecycle spokes,General,,,False
ttd online booking,341,341,,,,,,kp-bing-2026-10-01-g5.csv,Lifecycle spokes,General,,,False
law firm,337,337,,,,,,kp-bing-2026-10-01-g1.csv,Unclassified,Legal,/best-crm-for-law-firms/,slug match,False
intakeq provider login,337,337,,,,,,kp-bing-2026-10-01-g4.csv,Lifecycle spokes,General,,,False
free websites,335,335,,,,,,kp-bing-2026-10-01-g6.csv,Web presence,General,,,False
jotform free,333,333,,,,,,kp-bing-2026-10-01-g4.csv,Lifecycle spokes,General,,,False
new word document blank,331,331,,,,,,kp-bing-2026-10-01-g4.csv,Unclassified,General,,,False
v4k document camera,331,331,,,,,,kp-bing-2026-10-01-g4.csv,Unclassified,General,,,False
how to create a website for free,330,330,,,,,,kp-bing-2026-10-01-g6.csv,Web presence,General,,,True
honeybook.com login,326,326,,,,,,kp-bing-2026-10-01-g2.csv,CRM core,General,,,False
docs.google.com document,326,326,,,,,,kp-bing-2026-10-01-g4.csv,Unclassified,General,,,False
esign pdf,324,324,,,,,,kp-bing-2026-10-01-g4.csv,Lifecycle spokes,General,,,True
accounting practice sales,322,322,,,,,,kp-bing-2026-10-01-g1.csv,Unclassified,Accounting,,,False
ms word document,320,320,,,,,,kp-bing-2026-10-01-g4.csv,Unclassified,General,,,False
apple appointment scheduling online,320,320,,,,,,kp-bing-2026-10-01-g5.csv,Lifecycle spokes,General,,,False
employment authorization document,316,316,,,,,,kp-bing-2026-10-01-g4.csv,Unclassified,General,,,False
gay website for men,316,316,,,,,,kp-bing-2026-10-01-g6.csv,Web presence,General,,,False
remax realtors near me,314,314,,,,,,kp-bing-2026-10-01-g3.csv,Unclassified,Real estate,,,False
free document editor,314,314,,,,,,kp-bing-2026-10-01-g4.csv,Unclassified,General,,,False
msds document,313,313,,,,,,kp-bing-2026-10-01-g4.csv,Unclassified,General,,,False
the proposal cast,311,311,,,,,,kp-bing-2026-10-01-g5.csv,Lifecycle spokes,General,,,False
document genius,309,309,,,,,,kp-bing-2026-10-01-g4.csv,Unclassified,General,,,False
123movies alternatives 2026,308,308,,,,,,kp-bing-2026-10-01-g2.csv,Unclassified,General,,,False
remax realty listings,307,307,,,,,,kp-bing-2026-10-01-g3.csv,Unclassified,General,,,False
best buy geek squad appointment scheduling,307,307,,,,,,kp-bing-2026-10-01-g5.csv,Lifecycle spokes,General,,,False
request for proposal,307,307,,,,,,kp-bing-2026-10-01-g5.csv,Lifecycle spokes,General,,,False
9anime alternatives,304,304,,,,,,kp-bing-2026-10-01-g2.csv,Unclassified,General,,,False
document icon meaning,303,303,,,,,,kp-bing-2026-10-01-g4.csv,Unclassified,General,,,False
jackhenry.com client portal,302,302,,,,,,kp-bing-2026-10-01-g1.csv,CRM core,General,,,False
free pdf filler,302,302,,,,,,kp-bing-2026-10-01-g4.csv,Unclassified,General,,,False
one client,299,299,,,,,,kp-bing-2026-10-01-g4.csv,Unclassified,General,,,False
picktime login,298,298,,,,,,kp-bing-2026-10-01-g5.csv,Unclassified,General,,,False
the proposal movie,298,298,,,,,,kp-bing-2026-10-01-g5.csv,Lifecycle spokes,General,,,False
headway client portal,295,295,,,,,,kp-bing-2026-10-01-g1.csv,CRM core,General,,,False
the proposal 2009,294,294,,,,,,kp-bing-2026-10-01-g5.csv,Lifecycle spokes,General,,,False
dulo tv alternatives,293,293,,,,,,kp-bing-2026-10-01-g2.csv,Unclassified,General,,,False
sitedrop ai website builder,293,293,,,,,,kp-bing-2026-10-01-g6.csv,Web presence,General,,,True
iepa document explorer,292,292,,,,,,kp-bing-2026-10-01-g4.csv,Unclassified,General,,,False
sign pdf free,290,290,,,,,,kp-bing-2026-10-01-g4.csv,Unclassified,General,,,False
pdf signer,289,289,,,,,,kp-bing-2026-10-01-g4.csv,Unclassified,General,,,False
njmvc.gov appointment scheduling,289,289,,,,,,kp-bing-2026-10-01-g5.csv,Lifecycle spokes,General,,,False
ayudame,288,288,,,,,,kp-bing-2026-10-01-g5.csv,Unclassified,General,,,False
adviceworks client portal log in,286,286,,,,,,kp-bing-2026-10-01-g1.csv,CRM core,General,,,False
kemono alternatives,286,286,,,,,,kp-bing-2026-10-01-g2.csv,Unclassified,General,,,False
website builder ai,286,286,,,,,,kp-bing-2026-10-01-g6.csv,Web presence,General,,,True
simplepractice client portal,285,285,,,,,,kp-bing-2026-10-01-g1.csv,CRM core,General,,,False
bookingbuddy flights,285,285,,,,,,kp-bing-2026-10-01-g5.csv,Lifecycle spokes,General,,,False
mrec license lookup,283,283,,,,,,kp-bing-2026-10-01-g3.csv,Unclassified,General,,,False
nevada dmv appointment scheduling,282,282,,,,,,kp-bing-2026-10-01-g5.csv,Lifecycle spokes,General,,,False
business lawyer,281,281,,,,,,kp-bing-2026-10-01-g1.csv,Unclassified,Legal,,,False
elite legal practice,280,280,,,,,,kp-bing-2026-10-01-g1.csv,Unclassified,Legal,,,False
kidney bean,279,279,,,,,,kp-bing-2026-10-01-g1.csv,Unclassified,General,,,False
real estate and homes for sale,279,279,,,,,,kp-bing-2026-10-01-g3.csv,Unclassified,Real estate,,,False
allmand law client portal,278,278,,,,,,kp-bing-2026-10-01-g1.csv,CRM core,Legal,,,False
framer website builder,278,278,,,,,,kp-bing-2026-10-01-g6.csv,Web presence,General,,,True
law offices near me,276,276,,,,,,kp-bing-2026-10-01-g1.csv,Unclassified,Legal,,,False
free document writer,275,275,,,,,,kp-bing-2026-10-01-g4.csv,Unclassified,General,,,False
property management software,274,274,,,,,,kp-bing-2026-10-01-g1.csv,Unclassified,General,,,False
real estate broker,274,274,,,,,,kp-bing-2026-10-01-g3.csv,Unclassified,Real estate,,,False
business proposal kdrama,272,272,,,,,,kp-bing-2026-10-01-g5.csv,Lifecycle spokes,General,,,False
create website,270,270,,,,,,kp-bing-2026-10-01-g6.csv,Web presence,General,,,False
honey book,269,269,,,,,,kp-bing-2026-10-01-g2.csv,Unclassified,General,,,False
what is jotform,269,269,,,,,,kp-bing-2026-10-01-g4.csv,Lifecycle spokes,General,,,True
alternatives federal credit union,268,268,,,,,,kp-bing-2026-10-01-g2.csv,Unclassified,General,,,False
gitmeid client portal sign in,265,265,,,,,,kp-bing-2026-10-01-g1.csv,CRM core,General,,,False
back page 2 alternatives,265,265,,,,,,kp-bing-2026-10-01-g2.csv,Unclassified,General,,,False
riot client descarga,265,265,,,,,,kp-bing-2026-10-01-g4.csv,Unclassified,General,,,False
corz client,263,263,,,,,,kp-bing-2026-10-01-g4.csv,Unclassified,General,,,False
the prosecutors proposal,261,261,,,,,,kp-bing-2026-10-01-g5.csv,Lifecycle spokes,General,,,False
lpl client portal,260,260,,,,,,kp-bing-2026-10-01-g1.csv,CRM core,General,,,False
google docs blank document,259,259,,,,,,kp-bing-2026-10-01-g4.csv,Unclassified,General,,,False
insurance for small business,258,258,,,,,,kp-bing-2026-10-01-g5.csv,Unclassified,General,,,False
nj dmv appointment scheduling,257,257,,,,,,kp-bing-2026-10-01-g5.csv,Lifecycle spokes,General,,,False
ebt connect client portal,255,255,,,,,,kp-bing-2026-10-01-g1.csv,CRM core,General,,,False
quickbooks for small business,254,254,,,,,,kp-bing-2026-10-01-g5.csv,Unclassified,General,,,False
esigns,253,253,,,,,,kp-bing-2026-10-01-g4.csv,Lifecycle spokes,General,,,True
discord alternatives,250,250,,,,,,kp-bing-2026-10-01-g2.csv,Unclassified,General,,,False
eb client,250,250,,,,,,kp-bing-2026-10-01-g4.csv,Unclassified,General,,,False
digital signature free,248,248,,,,,,kp-bing-2026-10-01-g4.csv,Lifecycle spokes,General,,,True
optima tax client portal,247,247,,,,,,kp-bing-2026-10-01-g1.csv,CRM core,Accounting,,,False
coomer alternatives,246,246,,,,,,kp-bing-2026-10-01-g2.csv,Unclassified,General,,,False
revival client,246,246,,,,,,kp-bing-2026-10-01-g4.csv,Unclassified,General,,,False
mva appointment scheduling,246,246,,,,,,kp-bing-2026-10-01-g5.csv,Lifecycle spokes,General,,,False
blueberry client,245,245,,,,,,kp-bing-2026-10-01-g4.csv,Unclassified,General,,,False
booking buddy,244,244,,,,,,kp-bing-2026-10-01-g5.csv,Lifecycle spokes,General,,,False
carm client portal,243,243,,,,,,kp-bing-2026-10-01-g1.csv,CRM core,General,,,False
top websites in the world 143 305 70,243,243,,,,,,kp-bing-2026-10-01-g6.csv,Web presence,General,,,False
real estate offices near me,242,242,,,,,,kp-bing-2026-10-01-g3.csv,Unclassified,Real estate,,,False
taxrise client portal,241,241,,,,,,kp-bing-2026-10-01-g1.csv,CRM core,Accounting,,,False
avvo lawyers website,239,239,,,,,,kp-bing-2026-10-01-g1.csv,Web presence,Legal,,,False
quest labs appointment scheduling,239,239,,,,,,kp-bing-2026-10-01-g5.csv,Lifecycle spokes,General,,,False
dlx for small business,237,237,,,,,,kp-bing-2026-10-01-g5.csv,Unclassified,General,,,False
document 1,234,234,,,,,,kp-bing-2026-10-01-g4.csv,Unclassified,General,,,False
grid alternatives,233,233,,,,,,kp-bing-2026-10-01-g2.csv,Unclassified,General,,,False
fmovies alternatives 2026,233,233,,,,,,kp-bing-2026-10-01-g2.csv,Unclassified,General,,,False
google forms free,233,233,,,,,,kp-bing-2026-10-01-g4.csv,Lifecycle spokes,General,,,False
order form template,232,232,,,,,,kp-bing-2026-10-01-g4.csv,Lifecycle spokes,General,,,False
jgwentworth.com client portal login,230,230,,,,,,kp-bing-2026-10-01-g1.csv,CRM core,General,,,False
esign login,229,229,,,,,,kp-bing-2026-10-01-g4.csv,Lifecycle spokes,General,,,False
document center,228,228,,,,,,kp-bing-2026-10-01-g4.csv,Unclassified,General,,,False
squarespace website login,226,226,,,,,,kp-bing-2026-10-01-g6.csv,Web presence,General,,,False
best websites,226,226,,,,,,kp-bing-2026-10-01-g6.csv,Web presence,General,,,False
re/max real estate listings,224,224,,,,,,kp-bing-2026-10-01-g3.csv,Unclassified,Real estate,,,False
build a website for free,224,224,,,,,,kp-bing-2026-10-01-g6.csv,Web presence,General,/website-builders-for-service-businesses/,slug match,False
youtube alternatives,223,223,,,,,,kp-bing-2026-10-01-g2.csv,Unclassified,General,,,False
booking buddy airline tickets,219,219,,,,,,kp-bing-2026-10-01-g5.csv,Lifecycle spokes,General,,,False
business proposal template,219,219,,,,,,kp-bing-2026-10-01-g5.csv,Lifecycle spokes,General,,,True
waste management website for customers,219,219,,,,,,kp-bing-2026-10-01-g6.csv,Web presence,General,,,False
squarespace free website builder,218,218,,,,,,kp-bing-2026-10-01-g6.csv,Web presence,General,,,True
photoshop alternatives,216,216,,,,,,kp-bing-2026-10-01-g2.csv,Unclassified,General,,,False
new client form,215,215,,,,,,kp-bing-2026-10-01-g4.csv,Lifecycle spokes,General,,,False
9 document,215,215,,,,,,kp-bing-2026-10-01-g4.csv,Unclassified,General,,,False
document translator,213,213,,,,,,kp-bing-2026-10-01-g4.csv,Unclassified,General,,,False
social security appointment scheduling,213,213,,,,,,kp-bing-2026-10-01-g5.csv,Lifecycle spokes,General,,,False
official website for aaa,213,213,,,,,,kp-bing-2026-10-01-g6.csv,Web presence,General,,,False
backpage alternatives,210,210,,,,,,kp-bing-2026-10-01-g2.csv,Unclassified,General,,,False
mrec login,210,210,,,,,,kp-bing-2026-10-01-g3.csv,Unclassified,General,,,False
document control,209,209,,,,,,kp-bing-2026-10-01-g4.csv,Unclassified,General,,,False
how much do real estate agents make,208,208,,,,,,kp-bing-2026-10-01-g3.csv,Unclassified,Real estate,,,False
pdf signature free,208,208,,,,,,kp-bing-2026-10-01-g4.csv,Lifecycle spokes,General,,,False
alperstein client portal,207,207,,,,,,kp-bing-2026-10-01-g1.csv,CRM core,General,,,False
real estate near me agents,207,207,,,,,,kp-bing-2026-10-01-g3.csv,Unclassified,Real estate,,,False
top websites in the world 25 30,206,206,,,,,,kp-bing-2026-10-01-g6.csv,Web presence,General,,,False
awww,206,206,,,,,,kp-bing-2026-10-01-g6.csv,Unclassified,General,,,False
67 client,205,205,,,,,,kp-bing-2026-10-01-g4.csv,Unclassified,General,,,False
nj mvc appointment scheduling,205,205,,,,,,kp-bing-2026-10-01-g5.csv,Lifecycle spokes,General,,,False
honeybooks,204,204,,,,,,kp-bing-2026-10-01-g2.csv,CRM core,General,,,False
new employee checklist,204,204,,,,,,kp-bing-2026-10-01-g5.csv,Unclassified,General,,,False
how to build a website for free,202,202,,,,,,kp-bing-2026-10-01-g6.csv,Web presence,General,,,True
document synonym,200,200,,,,,,kp-bing-2026-10-01-g4.csv,Unclassified,General,,,False
beyond finance client portal,199,199,,,,,,kp-bing-2026-10-01-g1.csv,CRM core,General,,,False
missouri real estate license lookup,199,199,,,,,,kp-bing-2026-10-01-g3.csv,Unclassified,Real estate,,,False
blank forms,199,199,,,,,,kp-bing-2026-10-01-g4.csv,Lifecycle spokes,General,,,False
enable dell client management service,198,198,,,,,,kp-bing-2026-10-01-g2.csv,CRM core,General,,,False
document type,197,197,,,,,,kp-bing-2026-10-01-g4.csv,Unclassified,General,,,False
schedule appointment,197,197,,,,,,kp-bing-2026-10-01-g5.csv,Lifecycle spokes,General,,,False
firstcommand.com client portal,196,196,,,,,,kp-bing-2026-10-01-g1.csv,CRM core,General,,,False
funeral alternatives brunswick maine,196,196,,,,,,kp-bing-2026-10-01-g2.csv,Unclassified,General,,,False
sign pdf online free,196,196,,,,,,kp-bing-2026-10-01-g4.csv,Unclassified,General,,,False
free project management software,195,195,,,,,,kp-bing-2026-10-01-g1.csv,Unclassified,General,,,False
online signature generator,194,194,,,,,,kp-bing-2026-10-01-g4.csv,Lifecycle spokes,General,,,False
c.ai alternatives,193,193,,,,,,kp-bing-2026-10-01-g2.csv,Unclassified,General,,,False
intake q login,193,193,,,,,,kp-bing-2026-10-01-g4.csv,Lifecycle spokes,General,,,False
microsoft document,193,193,,,,,,kp-bing-2026-10-01-g4.csv,Unclassified,General,,,False
duda website builder,193,193,,,,,,kp-bing-2026-10-01-g6.csv,Web presence,General,,,True
ibkr client portal login,191,191,,,,,,kp-bing-2026-10-01-g1.csv,CRM core,General,,,False
document library,191,191,,,,,,kp-bing-2026-10-01-g4.csv,Unclassified,General,,,False
best free website builder,191,191,,,,,,kp-bing-2026-10-01-g6.csv,Web presence,General,/website-builders-for-service-businesses/,slug match,True
manager tools,190,190,,,,,,kp-bing-2026-10-01-g1.csv,Unclassified,General,,,False
attorney look up,190,190,,,,,,kp-bing-2026-10-01-g1.csv,Unclassified,Legal,,,False
anicrush alternatives,190,190,,,,,,kp-bing-2026-10-01-g2.csv,Unclassified,General,,,False
sign pdf online,190,190,,,,,,kp-bing-2026-10-01-g4.csv,Unclassified,General,,,False
pdf sign,190,190,,,,,,kp-bing-2026-10-01-g4.csv,Unclassified,General,,,False
fis client portal,189,189,,,,,,kp-bing-2026-10-01-g1.csv,CRM core,General,,,False
create digital signature,189,189,,,,,,kp-bing-2026-10-01-g4.csv,Lifecycle spokes,General,,,True
translate document,186,186,,,,,,kp-bing-2026-10-01-g4.csv,Unclassified,General,,,False
quikaid client portal,185,185,,,,,,kp-bing-2026-10-01-g1.csv,CRM core,General,,,False
ome tv alternatives,184,184,,,,,,kp-bing-2026-10-01-g2.csv,Unclassified,General,,,False
mvc appointment scheduling,184,184,,,,,,kp-bing-2026-10-01-g5.csv,Lifecycle spokes,General,,,False
myflixer alternatives,183,183,,,,,,kp-bing-2026-10-01-g2.csv,Unclassified,General,,,False
editable word document,183,183,,,,,,kp-bing-2026-10-01-g4.csv,Unclassified,General,,,False
altera client portal,182,182,,,,,,kp-bing-2026-10-01-g1.csv,CRM core,General,,,False
suralink client portal login,182,182,,,,,,kp-bing-2026-10-01-g1.csv,CRM core,General,,,False
social security office appointment scheduling,181,181,,,,,,kp-bing-2026-10-01-g5.csv,Lifecycle spokes,General,,,False
resort booking,180,180,,,,,,kp-bing-2026-10-01-g5.csv,Lifecycle spokes,General,,,False
soap 2 day alternatives,179,179,,,,,,kp-bing-2026-10-01-g2.csv,Unclassified,General,,,False
digital signature in pdf,179,179,,,,,,kp-bing-2026-10-01-g4.csv,Lifecycle spokes,General,,,True
canopy client portal,178,178,,,,,,kp-bing-2026-10-01-g1.csv,CRM core,General,,,True
attorney at law,177,177,,,,,,kp-bing-2026-10-01-g1.csv,Unclassified,Legal,,,False
intake forms pdf,177,177,,,,,,kp-bing-2026-10-01-g4.csv,Lifecycle spokes,General,,,True
secretary of state appointment scheduling,177,177,,,,,,kp-bing-2026-10-01-g5.csv,Lifecycle spokes,General,,,False
document holder,176,176,,,,,,kp-bing-2026-10-01-g4.csv,Unclassified,General,,,False
free esignature,175,175,,,,,,kp-bing-2026-10-01-g4.csv,Lifecycle spokes,General,,,True
realty companies near me,174,174,,,,,,kp-bing-2026-10-01-g3.csv,Unclassified,General,,,False
website maker ai,172,172,,,,,,kp-bing-2026-10-01-g6.csv,Web presence,General,,,False
free website builder no cost,171,171,,,,,,kp-bing-2026-10-01-g6.csv,Web presence,General,,,True
ey canvas client portal,170,170,,,,,,kp-bing-2026-10-01-g1.csv,CRM core,General,,,False
research proposal,170,170,,,,,,kp-bing-2026-10-01-g5.csv,Lifecycle spokes,General,,,False
jardiance alternatives,169,169,,,,,,kp-bing-2026-10-01-g2.csv,Unclassified,General,,,False
document manager,169,169,,,,,,kp-bing-2026-10-01-g4.csv,Unclassified,General,,,False
schedulicity,169,169,,,,,,kp-bing-2026-10-01-g5.csv,Unclassified,General,,,False
official website for costco warehouse,169,169,,,,,,kp-bing-2026-10-01-g6.csv,Web presence,General,,,False
lovable ai website builder,168,168,,,,,,kp-bing-2026-10-01-g6.csv,Web presence,General,,,True
pornhub alternatives,167,167,,,,,,kp-bing-2026-10-01-g2.csv,Unclassified,General,,,False
passport application online form,167,167,,,,,,kp-bing-2026-10-01-g4.csv,Lifecycle spokes,General,,,False
free pdf signer,167,167,,,,,,kp-bing-2026-10-01-g4.csv,Unclassified,General,,,False
best banks for small business,167,167,,,,,,kp-bing-2026-10-01-g5.csv,Unclassified,General,,,False
inventory management software,166,166,,,,,,kp-bing-2026-10-01-g1.csv,Unclassified,General,,,False
clearone advantage client portal,165,165,,,,,,kp-bing-2026-10-01-g1.csv,CRM core,General,,,False
free document signing,165,165,,,,,,kp-bing-2026-10-01-g4.csv,Lifecycle spokes,General,,,True
liability insurance for small business,165,165,,,,,,kp-bing-2026-10-01-g5.csv,Unclassified,General,,,False
missouri real estate commission website,164,164,,,,,,kp-bing-2026-10-01-g3.csv,Web presence,Real estate,,,False
best ai website builder,164,164,,,,,,kp-bing-2026-10-01-g6.csv,Web presence,General,,,True
sflix alternatives,163,163,,,,,,kp-bing-2026-10-01-g2.csv,Unclassified,General,,,False
project proposal template,162,162,,,,,,kp-bing-2026-10-01-g5.csv,Lifecycle spokes,General,,,True
accountingcoach,161,161,,,,,,kp-bing-2026-10-01-g1.csv,Unclassified,Accounting,,,False
identogo appointment scheduling,161,161,,,,,,kp-bing-2026-10-01-g5.csv,Lifecycle spokes,General,,,False
florida dmv appointment scheduling,161,161,,,,,,kp-bing-2026-10-01-g5.csv,Lifecycle spokes,General,,,False
supercuts online booking,161,161,,,,,,kp-bing-2026-10-01-g5.csv,Lifecycle spokes,General,,,False
proposal tech,161,161,,,,,,kp-bing-2026-10-01-g5.csv,Lifecycle spokes,General,,,False
wix free website builder,161,161,,,,,,kp-bing-2026-10-01-g6.csv,Web presence,General,,,True
crowley fleck,160,160,,,,,,kp-bing-2026-10-01-g1.csv,Unclassified,General,,,False
ds-11 online form,160,160,,,,,,kp-bing-2026-10-01-g4.csv,Lifecycle spokes,General,,,False
blank form template,159,159,,,,,,kp-bing-2026-10-01-g4.csv,Lifecycle spokes,General,,,False
unscripted for photographers,157,157,,,,,,kp-bing-2026-10-01-g2.csv,Unclassified,Photographers,,,False
alternatives to youtube,157,157,,,,,,kp-bing-2026-10-01-g2.csv,Unclassified,General,,,False
intakeq sign in,157,157,,,,,,kp-bing-2026-10-01-g4.csv,Lifecycle spokes,General,,,False
how to enable dell client management service,156,156,,,,,,kp-bing-2026-10-01-g2.csv,CRM core,General,,,False
building a website,156,156,,,,,,kp-bing-2026-10-01-g6.csv,Web presence,General,,,False
social security online appointment scheduling,155,155,,,,,,kp-bing-2026-10-01-g5.csv,Lifecycle spokes,General,,,False
eliquis alternatives,154,154,,,,,,kp-bing-2026-10-01-g2.csv,Unclassified,General,,,False
escort alligator alternatives,154,154,,,,,,kp-bing-2026-10-01-g2.csv,Unclassified,General,,,False
new patient intake form,154,154,,,,,,kp-bing-2026-10-01-g4.csv,Lifecycle spokes,General,,,False
global entry appointment scheduling,154,154,,,,,,kp-bing-2026-10-01-g5.csv,Lifecycle spokes,General,,,False
www.philippineairlines.com online booking,153,153,,,,,,kp-bing-2026-10-01-g5.csv,Lifecycle spokes,General,,,False
payroll software for small business,152,152,,,,,,kp-bing-2026-10-01-g5.csv,Unclassified,General,,,False
143 305 70 top websites in the world,152,152,,,,,,kp-bing-2026-10-01-g6.csv,Web presence,General,,,False
best buy appointment scheduling,150,150,,,,,,kp-bing-2026-10-01-g5.csv,Lifecycle spokes,General,,,False
real estate agencies near me,149,149,,,,,,kp-bing-2026-10-01-g3.csv,Unclassified,Agencies,,,False
form builder,149,149,,,,,,kp-bing-2026-10-01-g4.csv,Lifecycle spokes,General,/best-form-builders-for-lead-capture/,slug match,True
online pdf form filler free,149,149,,,,,,kp-bing-2026-10-01-g4.csv,Lifecycle spokes,General,,,False
build website,149,149,,,,,,kp-bing-2026-10-01-g6.csv,Web presence,General,/website-builders-for-service-businesses/,slug match,False
best project management software,147,147,,,,,,kp-bing-2026-10-01-g1.csv,Unclassified,General,,,False
how to create a website for my business,147,147,,,,,,kp-bing-2026-10-01-g6.csv,Web presence,General,,,True
gitmeid law client portal,145,145,,,,,,kp-bing-2026-10-01-g1.csv,CRM core,Legal,,,False
movies2watch alternatives,145,145,,,,,,kp-bing-2026-10-01-g2.csv,Unclassified,General,,,False
website creation,145,145,,,,,,kp-bing-2026-10-01-g6.csv,Web presence,General,,,False
case management system,144,144,,,,,,kp-bing-2026-10-01-g1.csv,CRM core,General,/best-legal-case-management-software/,slug match,True
jgwentworth.com client portal,144,144,,,,,,kp-bing-2026-10-01-g1.csv,CRM core,General,,,False
americor client portal,144,144,,,,,,kp-bing-2026-10-01-g1.csv,CRM core,General,,,False
acuityscheduling.com,144,144,,,,,,kp-bing-2026-10-01-g5.csv,Lifecycle spokes,General,,,False
credit card processing for small business,144,144,,,,,,kp-bing-2026-10-01-g5.csv,Unclassified,General,,,False
ndtco client portal,143,143,,,,,,kp-bing-2026-10-01-g1.csv,CRM core,General,,,False
simple practice client portal login,142,142,,,,,,kp-bing-2026-10-01-g1.csv,CRM core,General,,,False
alternatives to statins,142,142,,,,,,kp-bing-2026-10-01-g2.csv,Unclassified,General,,,False
cpap alternatives,142,142,,,,,,kp-bing-2026-10-01-g2.csv,Unclassified,General,,,False
lab quest appointment scheduling,142,142,,,,,,kp-bing-2026-10-01-g5.csv,Lifecycle spokes,General,,,False
jha client portal,141,141,,,,,,kp-bing-2026-10-01-g1.csv,CRM core,General,,,False
funeral alternatives,141,141,,,,,,kp-bing-2026-10-01-g2.csv,Unclassified,General,,,False
local realtors near me,141,141,,,,,,kp-bing-2026-10-01-g3.csv,Unclassified,Real estate,,,False
construction management software,140,140,,,,,,kp-bing-2026-10-01-g1.csv,Unclassified,General,,,False
best accounting software for small business,140,140,,,,,,kp-bing-2026-10-01-g5.csv,Unclassified,Accounting,,,False
statrad client portal,139,139,,,,,,kp-bing-2026-10-01-g1.csv,CRM core,General,,,False
real estate brokers near me,139,139,,,,,,kp-bing-2026-10-01-g3.csv,Unclassified,Real estate,,,False
pdf filler online,139,139,,,,,,kp-bing-2026-10-01-g4.csv,Unclassified,General,,,False
business proposal cast,139,139,,,,,,kp-bing-2026-10-01-g5.csv,Lifecycle spokes,General,,,False
how to write a proposal,138,138,,,,,,kp-bing-2026-10-01-g5.csv,Lifecycle spokes,General,,,False
wordpress website builder,138,138,,,,,,kp-bing-2026-10-01-g6.csv,Web presence,General,,,True
first command client portal login,137,137,,,,,,kp-bing-2026-10-01-g1.csv,CRM core,General,,,False
motherless alternatives,137,137,,,,,,kp-bing-2026-10-01-g2.csv,Unclassified,General,,,False
create a form,137,137,,,,,,kp-bing-2026-10-01-g4.csv,Lifecycle spokes,General,,,False
atty,136,136,,,,,,kp-bing-2026-10-01-g1.csv,Unclassified,General,,,False
stream east alternatives,136,136,,,,,,kp-bing-2026-10-01-g2.csv,Unclassified,General,,,False
proposal works rockwell,136,136,,,,,,kp-bing-2026-10-01-g5.csv,Lifecycle spokes,General,,,False
spotify alternatives,135,135,,,,,,kp-bing-2026-10-01-g2.csv,Unclassified,General,,,False
please fill out this form,135,135,,,,,,kp-bing-2026-10-01-g4.csv,Lifecycle spokes,General,,,False
online forms,135,135,,,,,,kp-bing-2026-10-01-g4.csv,Lifecycle spokes,General,,,False
esign free,135,135,,,,,,kp-bing-2026-10-01-g4.csv,Lifecycle spokes,General,,,True
best business credit cards for small business,135,135,,,,,,kp-bing-2026-10-01-g5.csv,Unclassified,General,,,False
free signature,134,134,,,,,,kp-bing-2026-10-01-g4.csv,Lifecycle spokes,General,,,False
clinic hq volume client portal,133,133,,,,,,kp-bing-2026-10-01-g1.csv,CRM core,General,,,False
top websites in the world helloo,133,133,,,,,,kp-bing-2026-10-01-g6.csv,Web presence,General,,,False
coldwellbanker,132,132,,,,,,kp-bing-2026-10-01-g3.csv,Unclassified,General,,,False
form.jotform.com,132,132,,,,,,kp-bing-2026-10-01-g4.csv,Lifecycle spokes,General,,,False
nys dmv appointment scheduling,132,132,,,,,,kp-bing-2026-10-01-g5.csv,Lifecycle spokes,General,,,False
build your own website,132,132,,,,,,kp-bing-2026-10-01-g6.csv,Web presence,General,,,False
pinterest alternatives,131,131,,,,,,kp-bing-2026-10-01-g2.csv,Unclassified,General,,,False
www.emirates.com online booking,131,131,,,,,,kp-bing-2026-10-01-g5.csv,Lifecycle spokes,General,,,False
dpf alternatives,130,130,,,,,,kp-bing-2026-10-01-g2.csv,Unclassified,General,,,False
proposal meaning,130,130,,,,,,kp-bing-2026-10-01-g5.csv,Lifecycle spokes,General,,,False
free website builder ai,130,130,,,,,,kp-bing-2026-10-01-g6.csv,Web presence,General,,,True
asset management software,129,129,,,,,,kp-bing-2026-10-01-g1.csv,Unclassified,General,,,False
how to fill out a form online,129,129,,,,,,kp-bing-2026-10-01-g4.csv,Lifecycle spokes,General,,,False
my signature jpg,129,129,,,,,,kp-bing-2026-10-01-g4.csv,Lifecycle spokes,General,,,False
answering service for small business,128,128,,,,,,kp-bing-2026-10-01-g5.csv,Unclassified,General,,,False
soap2day alternatives,127,127,,,,,,kp-bing-2026-10-01-g2.csv,Unclassified,General,,,False
real estate agent near me,127,127,,,,,,kp-bing-2026-10-01-g3.csv,Unclassified,Real estate,,,False
best website builder for small business,127,127,,,,,,kp-bing-2026-10-01-g5.csv,Web presence,General,/website-builders-for-service-businesses/,slug match,True
carrd website builder,126,126,,,,,,kp-bing-2026-10-01-g6.csv,Web presence,General,,,True
microsoft project management software,125,125,,,,,,kp-bing-2026-10-01-g1.csv,Unclassified,General,,,False
allmand law firm client portal,124,124,,,,,,kp-bing-2026-10-01-g1.csv,CRM core,Legal,,,False
zepbound alternatives,124,124,,,,,,kp-bing-2026-10-01-g2.csv,Unclassified,General,,,False
signature online,124,124,,,,,,kp-bing-2026-10-01-g4.csv,Lifecycle spokes,General,,,False
sign document for free,124,124,,,,,,kp-bing-2026-10-01-g4.csv,Unclassified,General,,,False
restaurant management software,123,123,,,,,,kp-bing-2026-10-01-g1.csv,Unclassified,General,,,False
canva alternatives,123,123,,,,,,kp-bing-2026-10-01-g2.csv,Unclassified,General,,,False
uscis account online,123,123,,,,,,kp-bing-2026-10-01-g4.csv,Unclassified,General,,,False
best free websites,123,123,,,,,,kp-bing-2026-10-01-g6.csv,Web presence,General,,,False
patient intake form,122,122,,,,,,kp-bing-2026-10-01-g4.csv,Lifecycle spokes,General,,,False
jobform,122,122,,,,,,kp-bing-2026-10-01-g4.csv,Lifecycle spokes,General,,,False
sgr online booking,122,122,,,,,,kp-bing-2026-10-01-g5.csv,Lifecycle spokes,General,,,False
grants for small business startups,122,122,,,,,,kp-bing-2026-10-01-g5.csv,Unclassified,General,,,False
claude website builder,122,122,,,,,,kp-bing-2026-10-01-g6.csv,Web presence,General,,,True
best website for cheap flights,122,122,,,,,,kp-bing-2026-10-01-g6.csv,Web presence,General,,,False
proposal ideas,121,121,,,,,,kp-bing-2026-10-01-g5.csv,Lifecycle spokes,General,,,False
barnes and nobles official website for books,121,121,,,,,,kp-bing-2026-10-01-g6.csv,Web presence,General,,,False
hdtoday alternatives,120,120,,,,,,kp-bing-2026-10-01-g2.csv,Unclassified,General,,,False
prolia alternatives,120,120,,,,,,kp-bing-2026-10-01-g2.csv,Unclassified,General,,,False
document definition,120,120,,,,,,kp-bing-2026-10-01-g4.csv,Unclassified,General,,,False
create website for free,120,120,,,,,,kp-bing-2026-10-01-g6.csv,Web presence,General,,,False
morgan and morgan client portal,119,119,,,,,,kp-bing-2026-10-01-g1.csv,CRM core,General,,,False
construction contract template,119,119,,,,,,kp-bing-2026-10-01-g4.csv,Lifecycle spokes,General,,,False
costco tire rotation appointment scheduling,119,119,,,,,,kp-bing-2026-10-01-g5.csv,Lifecycle spokes,General,,,False
amtrak tickets online booking,119,119,,,,,,kp-bing-2026-10-01-g5.csv,Lifecycle spokes,General,,,False
pos systems for small business,119,119,,,,,,kp-bing-2026-10-01-g5.csv,Unclassified,General,,,False
proposal path,119,119,,,,,,kp-bing-2026-10-01-g5.csv,Lifecycle spokes,General,,,False
humana website for members,119,119,,,,,,kp-bing-2026-10-01-g6.csv,Web presence,General,,,False
go to www.bing.com top websites in the world,119,119,,,,,,kp-bing-2026-10-01-g6.csv,Web presence,General,,,False
retalix appointment scheduling,118,118,,,,,,kp-bing-2026-10-01-g5.csv,Lifecycle spokes,General,,,False
www.etihad.com online booking,118,118,,,,,,kp-bing-2026-10-01-g5.csv,Lifecycle spokes,General,,,False
create a website for business,118,118,,,,,,kp-bing-2026-10-01-g6.csv,Web presence,General,,,False
edward jones client portal,117,117,,,,,,kp-bing-2026-10-01-g1.csv,CRM core,General,,,False
create electronic signature,117,117,,,,,,kp-bing-2026-10-01-g4.csv,Lifecycle spokes,General,,,True
vagaro online booking,117,117,,,,,,kp-bing-2026-10-01-g5.csv,Lifecycle spokes,General,,,False
official government website for medicare,117,117,,,,,,kp-bing-2026-10-01-g6.csv,Web presence,General,,,False
interactive brokers client portal,116,116,,,,,,kp-bing-2026-10-01-g1.csv,CRM core,Real estate,,,False
top websites in the world ail at abc@microsoft.com,116,116,,,,,,kp-bing-2026-10-01-g6.csv,Web presence,General,,,False
staffing alternatives,115,115,,,,,,kp-bing-2026-10-01-g2.csv,Unclassified,General,,,False
proposal synonym,115,115,,,,,,kp-bing-2026-10-01-g5.csv,Lifecycle spokes,General,,,False
community alternatives,114,114,,,,,,kp-bing-2026-10-01-g2.csv,Unclassified,General,,,False
streameast alternatives reddit,114,114,,,,,,kp-bing-2026-10-01-g2.csv,Unclassified,General,,,False
streameast alternatives 2026,114,114,,,,,,kp-bing-2026-10-01-g2.csv,Unclassified,General,,,False
easy website builder,114,114,,,,,,kp-bing-2026-10-01-g6.csv,Web presence,General,,,True
business checking account for small business,113,113,,,,,,kp-bing-2026-10-01-g5.csv,Unclassified,General,,,False
website building,113,113,,,,,,kp-bing-2026-10-01-g6.csv,Web presence,General,,,False
otr solutions client portal,112,112,,,,,,kp-bing-2026-10-01-g1.csv,CRM core,General,,,False
alternatives to chatgpt,112,112,,,,,,kp-bing-2026-10-01-g2.csv,Unclassified,General,,,False
www.uscis.gov/file-online,112,112,,,,,,kp-bing-2026-10-01-g4.csv,Unclassified,General,,,False
ny dmv appointment scheduling online,112,112,,,,,,kp-bing-2026-10-01-g5.csv,Lifecycle spokes,General,,,False
quickbooks alternatives,111,111,,,,,,kp-bing-2026-10-01-g2.csv,Unclassified,General,,,False
adobe alternatives,111,111,,,,,,kp-bing-2026-10-01-g2.csv,Unclassified,General,,,False
make a website for free,111,111,,,,,,kp-bing-2026-10-01-g6.csv,Web presence,General,,,False
i 751,110,110,,,,,,kp-bing-2026-10-01-g4.csv,Unclassified,General,,,False
signwell free,109,109,,,,,,kp-bing-2026-10-01-g4.csv,Unclassified,General,,,False
helloo top websites in the world,109,109,,,,,,kp-bing-2026-10-01-g6.csv,Web presence,General,,,False
best website to book flights,109,109,,,,,,kp-bing-2026-10-01-g6.csv,Web presence,General,,,False
honeybook log in,108,108,,,,,,kp-bing-2026-10-01-g2.csv,CRM core,General,,,False
vrads client portal,107,107,,,,,,kp-bing-2026-10-01-g1.csv,CRM core,General,,,False
buffstreams alternatives 2026,107,107,,,,,,kp-bing-2026-10-01-g2.csv,Unclassified,General,,,False
dmvnv appointment scheduling las vegas,107,107,,,,,,kp-bing-2026-10-01-g5.csv,Lifecycle spokes,General,,,False
us visa appointment scheduling,107,107,,,,,,kp-bing-2026-10-01-g5.csv,Lifecycle spokes,General,,,False
philippine airlines online booking,107,107,,,,,,kp-bing-2026-10-01-g5.csv,Lifecycle spokes,General,,,False
ozempic alternatives,106,106,,,,,,kp-bing-2026-10-01-g2.csv,Unclassified,General,,,False
irs appointment scheduling online,106,106,,,,,,kp-bing-2026-10-01-g5.csv,Lifecycle spokes,General,,,False
best website to buy used cars,106,106,,,,,,kp-bing-2026-10-01-g6.csv,Web presence,General,,,False
contract management software,105,105,,,,,,kp-bing-2026-10-01-g1.csv,Lifecycle spokes,General,,,False
client portal app,105,105,,,,,,kp-bing-2026-10-01-g1.csv,CRM core,General,,,False
symbicort alternatives,105,105,,,,,,kp-bing-2026-10-01-g2.csv,Unclassified,General,,,False
how to make a signature,105,105,,,,,,kp-bing-2026-10-01-g4.csv,Lifecycle spokes,General,,,False
big law firms,104,104,,,,,,kp-bing-2026-10-01-g1.csv,Unclassified,Legal,,,False
simonmed appointment scheduling,104,104,,,,,,kp-bing-2026-10-01-g5.csv,Lifecycle spokes,General,,,False
texas dmv appointment scheduling,104,104,,,,,,kp-bing-2026-10-01-g5.csv,Lifecycle spokes,General,,,False
statin alternatives,103,103,,,,,,kp-bing-2026-10-01-g2.csv,Unclassified,General,,,False
project proposal,103,103,,,,,,kp-bing-2026-10-01-g5.csv,Lifecycle spokes,General,,,False
best website builders,103,103,,,,,,kp-bing-2026-10-01-g6.csv,Web presence,General,/website-builders-for-service-businesses/,slug match,True
create a website for my business,103,103,,,,,,kp-bing-2026-10-01-g6.csv,Web presence,General,,,False
advyzon client portal login,102,102,,,,,,kp-bing-2026-10-01-g1.csv,CRM core,General,,,False
business insurance for consultants,102,102,,,,,,kp-bing-2026-10-01-g2.csv,Unclassified,Coaches,,,False
wells fargo appointment scheduling,102,102,,,,,,kp-bing-2026-10-01-g5.csv,Lifecycle spokes,General,,,False
how to write a business proposal,102,102,,,,,,kp-bing-2026-10-01-g5.csv,Lifecycle spokes,General,,,False
martindale avvo,101,101,,,,,,kp-bing-2026-10-01-g1.csv,Unclassified,General,,,False
adviceworks client portal login,101,101,,,,,,kp-bing-2026-10-01-g1.csv,CRM core,General,,,False
zillow agent,101,101,,,,,,kp-bing-2026-10-01-g3.csv,Unclassified,General,,,False
philippineairlines.com online booking,101,101,,,,,,kp-bing-2026-10-01-g5.csv,Lifecycle spokes,General,,,False
metro mobility online booking,101,101,,,,,,kp-bing-2026-10-01-g5.csv,Lifecycle spokes,General,,,False
claude for small business,101,101,,,,,,kp-bing-2026-10-01-g5.csv,Unclassified,General,,,False
jg wentworth client portal,100,100,,,,,,kp-bing-2026-10-01-g1.csv,CRM core,General,,,False
indecent proposal 1993,100,100,,,,,,kp-bing-2026-10-01-g5.csv,Lifecycle spokes,General,,,False
godaddy website builder login,100,100,,,,,,kp-bing-2026-10-01-g6.csv,Web presence,General,,,False
alperstein and associates client portal,99,99,,,,,,kp-bing-2026-10-01-g1.csv,CRM core,General,,,False
google sites website builder,99,99,,,,,,kp-bing-2026-10-01-g6.csv,Web presence,General,,,True
fleet management software,97,97,,,,,,kp-bing-2026-10-01-g1.csv,Unclassified,General,,,False
microsoft publisher alternatives 2026,97,97,,,,,,kp-bing-2026-10-01-g2.csv,Unclassified,General,,,False
kahoot alternatives,97,97,,,,,,kp-bing-2026-10-01-g2.csv,Unclassified,General,,,False
quest diagnostics appointment scheduling online,97,97,,,,,,kp-bing-2026-10-01-g5.csv,Lifecycle spokes,General,,,False
business website builder,97,97,,,,,,kp-bing-2026-10-01-g6.csv,Web presence,General,/website-builders-for-service-businesses/,slug match,True
pm tools,96,96,,,,,,kp-bing-2026-10-01-g1.csv,Unclassified,General,,,False
therapy notes client portal login,96,96,,,,,,kp-bing-2026-10-01-g1.csv,CRM core,General,,,False
clio client portal,96,96,,,,,,kp-bing-2026-10-01-g1.csv,CRM core,General,,,True
postman alternatives,96,96,,,,,,kp-bing-2026-10-01-g2.csv,Unclassified,General,,,False
ny dmv appointment scheduling,96,96,,,,,,kp-bing-2026-10-01-g5.csv,Lifecycle spokes,General,,,False
how to make a website for small business,96,96,,,,,,kp-bing-2026-10-01-g5.csv,Web presence,General,,,True
solarmovie alternatives 2026,95,95,,,,,,kp-bing-2026-10-01-g2.csv,Unclassified,General,,,False
web builder,95,95,,,,,,kp-bing-2026-10-01-g6.csv,Unclassified,General,/website-builders-for-service-businesses/,slug match,False
framer ai website builder,95,95,,,,,,kp-bing-2026-10-01-g6.csv,Web presence,General,,,True
my quest appointment scheduling,94,94,,,,,,kp-bing-2026-10-01-g5.csv,Lifecycle spokes,General,,,False
sitebuilder,94,94,,,,,,kp-bing-2026-10-01-g6.csv,Unclassified,General,,,False
design website,94,94,,,,,,kp-bing-2026-10-01-g6.csv,Lifecycle spokes,General,,,True
realtors in my area,93,93,,,,,,kp-bing-2026-10-01-g3.csv,Unclassified,Real estate,,,False
form creator,93,93,,,,,,kp-bing-2026-10-01-g4.csv,Lifecycle spokes,General,,,False
free accounting software for small business,93,93,,,,,,kp-bing-2026-10-01-g5.csv,Unclassified,Accounting,,,False
create website for business,93,93,,,,,,kp-bing-2026-10-01-g6.csv,Web presence,General,,,False
marketing companies,92,92,,,,,,kp-bing-2026-10-01-g3.csv,Unclassified,General,,,False
online signature maker,92,92,,,,,,kp-bing-2026-10-01-g4.csv,Lifecycle spokes,General,,,False
wix website builder log in,92,92,,,,,,kp-bing-2026-10-01-g6.csv,Web presence,General,,,False
bubble website builder,92,92,,,,,,kp-bing-2026-10-01-g6.csv,Web presence,General,,,True
monday project management software,91,91,,,,,,kp-bing-2026-10-01-g1.csv,Unclassified,General,,,False
in conclusion alternatives,91,91,,,,,,kp-bing-2026-10-01-g2.csv,Unclassified,General,,,False
payroll services for small business,91,91,,,,,,kp-bing-2026-10-01-g5.csv,Unclassified,General,,,False
construction project management software,90,90,,,,,,kp-bing-2026-10-01-g1.csv,Unclassified,General,,,False
da124c missouri online form,90,90,,,,,,kp-bing-2026-10-01-g4.csv,Lifecycle spokes,General,,,False
form filler,90,90,,,,,,kp-bing-2026-10-01-g4.csv,Lifecycle spokes,General,,,False
california dmv appointment scheduling,90,90,,,,,,kp-bing-2026-10-01-g5.csv,Lifecycle spokes,General,,,False
how to write a research proposal,90,90,,,,,,kp-bing-2026-10-01-g5.csv,Lifecycle spokes,General,,,False
internal intranet website for employees,90,90,,,,,,kp-bing-2026-10-01-g6.csv,Web presence,General,,,False
honeybook.com,89,89,,,,,,kp-bing-2026-10-01-g2.csv,CRM core,General,,,False
natural alternatives finance,89,89,,,,,,kp-bing-2026-10-01-g2.csv,Unclassified,General,,,False
putlocker alternatives,89,89,,,,,,kp-bing-2026-10-01-g2.csv,Unclassified,General,,,False
local real estate agents near me,89,89,,,,,,kp-bing-2026-10-01-g3.csv,Unclassified,Real estate,,,False
adderall alternatives,88,88,,,,,,kp-bing-2026-10-01-g2.csv,Unclassified,General,,,False
visiflora alternatives,88,88,,,,,,kp-bing-2026-10-01-g2.csv,Unclassified,General,,,False
intakeq.com login,88,88,,,,,,kp-bing-2026-10-01-g4.csv,Lifecycle spokes,General,,,False
bridesmaid proposal boxes,88,88,,,,,,kp-bing-2026-10-01-g5.csv,Lifecycle spokes,General,,,False
official aarp website for members,88,88,,,,,,kp-bing-2026-10-01-g6.csv,Web presence,General,,,False
metformin alternatives,87,87,,,,,,kp-bing-2026-10-01-g2.csv,Lifecycle spokes,General,,,False
polybuzz alternatives,87,87,,,,,,kp-bing-2026-10-01-g2.csv,Unclassified,General,,,False
new hire training,87,87,,,,,,kp-bing-2026-10-01-g5.csv,Unclassified,General,,,False
ct dmv appointment scheduling,87,87,,,,,,kp-bing-2026-10-01-g5.csv,Lifecycle spokes,General,,,False
merlin website builder,87,87,,,,,,kp-bing-2026-10-01-g6.csv,Web presence,General,,,True
google booking,86,86,,,,,,kp-bing-2026-10-01-g5.csv,Lifecycle spokes,General,,,False
walmart flu shot appointment scheduling,86,86,,,,,,kp-bing-2026-10-01-g5.csv,Lifecycle spokes,General,,,False
kenya airways online booking,86,86,,,,,,kp-bing-2026-10-01-g5.csv,Lifecycle spokes,General,,,False
best printer for small business,86,86,,,,,,kp-bing-2026-10-01-g5.csv,Unclassified,General,,,False
amazon alternatives,85,85,,,,,,kp-bing-2026-10-01-g2.csv,Unclassified,General,,,False
open microsoft word document,85,85,,,,,,kp-bing-2026-10-01-g4.csv,Unclassified,General,,,False
best crm for small business,84,84,,,,,,kp-bing-2026-10-01-g1.csv,CRM core,General,/what-is-client-relationship-management-software/,slug match,False
top law firms,84,84,,,,,,kp-bing-2026-10-01-g1.csv,Unclassified,Legal,/best-crm-for-law-firms/,slug match,False
document writing free,84,84,,,,,,kp-bing-2026-10-01-g4.csv,Unclassified,General,,,False
define proposal,84,84,,,,,,kp-bing-2026-10-01-g5.csv,Lifecycle spokes,General,,,False
the proposal 2009 where to watch,84,84,,,,,,kp-bing-2026-10-01-g5.csv,Lifecycle spokes,General,,,False
clio legal software,83,83,,,,,,kp-bing-2026-10-01-g1.csv,CRM core,Legal,,,True
client portal simple practice,83,83,,,,,,kp-bing-2026-10-01-g1.csv,CRM core,General,,,False
health insurance for small business,83,83,,,,,,kp-bing-2026-10-01-g5.csv,Unclassified,General,,,False
wordle alternatives,82,82,,,,,,kp-bing-2026-10-01-g2.csv,Unclassified,General,,,False
gemtesa alternatives,82,82,,,,,,kp-bing-2026-10-01-g2.csv,Unclassified,General,,,False
indecent proposal movie,82,82,,,,,,kp-bing-2026-10-01-g5.csv,Lifecycle spokes,General,,,False
b12 website builder,82,82,,,,,,kp-bing-2026-10-01-g6.csv,Web presence,General,,,True
kronos website for employees,82,82,,,,,,kp-bing-2026-10-01-g6.csv,Web presence,General,,,False
local real estate agents,81,81,,,,,,kp-bing-2026-10-01-g3.csv,Unclassified,Real estate,,,False
real estate agents near me reviews,81,81,,,,,,kp-bing-2026-10-01-g3.csv,Unclassified,Real estate,,,False
best bank for small business account,81,81,,,,,,kp-bing-2026-10-01-g5.csv,Unclassified,General,,,False
best website hosting,81,81,,,,,,kp-bing-2026-10-01-g6.csv,Web presence,General,,,False
law firm near me,80,80,,,,,,kp-bing-2026-10-01-g1.csv,Unclassified,Legal,,,False
what do real estate agents do,80,80,,,,,,kp-bing-2026-10-01-g3.csv,Unclassified,Real estate,,,False
fuel cards for small business,80,80,,,,,,kp-bing-2026-10-01-g5.csv,Unclassified,General,,,False
gabapentin alternatives,79,79,,,,,,kp-bing-2026-10-01-g2.csv,Unclassified,General,,,False
radnet appointment scheduling,79,79,,,,,,kp-bing-2026-10-01-g5.csv,Lifecycle spokes,General,,,False
bookkeeping software for small business,79,79,,,,,,kp-bing-2026-10-01-g5.csv,Unclassified,Accounting,,,False
business proposal tv,79,79,,,,,,kp-bing-2026-10-01-g5.csv,Lifecycle spokes,General,,,False
durable ai website builder,79,79,,,,,,kp-bing-2026-10-01-g6.csv,Web presence,General,,,True
website builder sites,79,79,,,,,,kp-bing-2026-10-01-g6.csv,Web presence,General,,,True
official website for menards,79,79,,,,,,kp-bing-2026-10-01-g6.csv,Web presence,General,,,False
work tracker,78,78,,,,,,kp-bing-2026-10-01-g1.csv,Unclassified,General,,,False
freedom debt relief client portal,78,78,,,,,,kp-bing-2026-10-01-g1.csv,CRM core,General,,,False
dell client management service is disabled,78,78,,,,,,kp-bing-2026-10-01-g2.csv,CRM core,General,,,False
st lucia immigration online form,78,78,,,,,,kp-bing-2026-10-01-g4.csv,Lifecycle spokes,General,,,False
contract agreement template,78,78,,,,,,kp-bing-2026-10-01-g4.csv,Lifecycle spokes,General,,,False
genius bar appointment scheduling,78,78,,,,,,kp-bing-2026-10-01-g5.csv,Lifecycle spokes,General,,,False
proposal definition,78,78,,,,,,kp-bing-2026-10-01-g5.csv,Lifecycle spokes,General,,,False
auditors website for ohio,78,78,,,,,,kp-bing-2026-10-01-g6.csv,Web presence,General,,,False
inventory management software interface,77,77,,,,,,kp-bing-2026-10-01-g1.csv,Unclassified,General,,,False
fiverr alternatives,77,77,,,,,,kp-bing-2026-10-01-g2.csv,Unclassified,General,,,False
cathay pacific online booking,77,77,,,,,,kp-bing-2026-10-01-g5.csv,Lifecycle spokes,General,,,False
proposal letter,77,77,,,,,,kp-bing-2026-10-01-g5.csv,Lifecycle spokes,General,,,False
fragomen client portal,76,76,,,,,,kp-bing-2026-10-01-g1.csv,CRM core,General,,,False
foundation software client portal,76,76,,,,,,kp-bing-2026-10-01-g1.csv,CRM core,General,,,False
apsrtc online booking,76,76,,,,,,kp-bing-2026-10-01-g5.csv,Lifecycle spokes,General,,,False
sba loans for small business,76,76,,,,,,kp-bing-2026-10-01-g5.csv,Unclassified,General,,,False
best website for last minute hotel deals,76,76,,,,,,kp-bing-2026-10-01-g6.csv,Web presence,General,,,False
case management software,75,75,,,,,,kp-bing-2026-10-01-g1.csv,CRM core,General,/best-legal-case-management-software/,slug match,True
myquest make appointment scheduling,75,75,,,,,,kp-bing-2026-10-01-g5.csv,Lifecycle spokes,General,,,False
nv dmv appointment scheduling,75,75,,,,,,kp-bing-2026-10-01-g5.csv,Lifecycle spokes,General,,,False
request for proposal template,75,75,,,,,,kp-bing-2026-10-01-g5.csv,Lifecycle spokes,General,,,False
hostinger website builder login,75,75,,,,,,kp-bing-2026-10-01-g6.csv,Web presence,General,,,False
government website for unclaimed money,75,75,,,,,,kp-bing-2026-10-01-g6.csv,Web presence,General,,,False
best website in the world,75,75,,,,,,kp-bing-2026-10-01-g6.csv,Web presence,General,,,False
alternatives to microsoft publisher,74,74,,,,,,kp-bing-2026-10-01-g2.csv,Unclassified,General,,,False
fill and sign pdf free,74,74,,,,,,kp-bing-2026-10-01-g4.csv,Unclassified,General,,,False
document meaning,74,74,,,,,,kp-bing-2026-10-01-g4.csv,Unclassified,General,,,False
research proposal example,74,74,,,,,,kp-bing-2026-10-01-g5.csv,Lifecycle spokes,General,,,False
business proposal examples,74,74,,,,,,kp-bing-2026-10-01-g5.csv,Lifecycle spokes,General,,,False
prosecutors proposal,74,74,,,,,,kp-bing-2026-10-01-g5.csv,Lifecycle spokes,General,,,False
free crm for small business,73,73,,,,,,kp-bing-2026-10-01-g1.csv,CRM core,General,/what-is-client-relationship-management-software/,slug match,False
realtor florida,73,73,,,,,,kp-bing-2026-10-01-g3.csv,Unclassified,Real estate,,,False
e-signature free,73,73,,,,,,kp-bing-2026-10-01-g4.csv,Lifecycle spokes,General,,,True
website for conservatives,73,73,,,,,,kp-bing-2026-10-01-g6.csv,Web presence,General,,,False
awwwards website,73,73,,,,,,kp-bing-2026-10-01-g6.csv,Web presence,General,,,False
mrec missouri,72,72,,,,,,kp-bing-2026-10-01-g3.csv,Unclassified,General,,,False
client intake form pdf,72,72,,,,,,kp-bing-2026-10-01-g4.csv,Lifecycle spokes,General,,,True
esignatures,72,72,,,,,,kp-bing-2026-10-01-g4.csv,Lifecycle spokes,General,,,True
research proposal template,72,72,,,,,,kp-bing-2026-10-01-g5.csv,Lifecycle spokes,General,,,False
base44 website builder,72,72,,,,,,kp-bing-2026-10-01-g6.csv,Web presence,General,,,True
best website games,72,72,,,,,,kp-bing-2026-10-01-g6.csv,Web presence,General,,,False
joule for consultants,71,71,,,,,,kp-bing-2026-10-01-g2.csv,Unclassified,Coaches,,,False
sonora quest appointment scheduling login,71,71,,,,,,kp-bing-2026-10-01-g5.csv,Lifecycle spokes,General,,,False
sba certifications for small business,71,71,,,,,,kp-bing-2026-10-01-g5.csv,Unclassified,General,,,False
hostinger ai website builder,70,70,,,,,,kp-bing-2026-10-01-g6.csv,Web presence,General,,,True
raymond james client portal,69,69,,,,,,kp-bing-2026-10-01-g1.csv,CRM core,General,,,False
top real estate agents near me,69,69,,,,,,kp-bing-2026-10-01-g3.csv,Unclassified,Real estate,,,False
contract agreement,69,69,,,,,,kp-bing-2026-10-01-g4.csv,Lifecycle spokes,General,,,False
ionos website builder,69,69,,,,,,kp-bing-2026-10-01-g6.csv,Web presence,General,,,True
durable website builder,69,69,,,,,,kp-bing-2026-10-01-g6.csv,Web presence,General,,,True
epson official website for printers,69,69,,,,,,kp-bing-2026-10-01-g6.csv,Web presence,General,,,False
creating a website for free,69,69,,,,,,kp-bing-2026-10-01-g6.csv,Web presence,General,,,False
how to make website for free,69,69,,,,,,kp-bing-2026-10-01-g6.csv,Web presence,General,,,False
how to make an electronic signature,68,68,,,,,,kp-bing-2026-10-01-g4.csv,Lifecycle spokes,General,,,True
new hire onboarding,68,68,,,,,,kp-bing-2026-10-01-g5.csv,Lifecycle spokes,General,,,False
employee checklist,68,68,,,,,,kp-bing-2026-10-01-g5.csv,Unclassified,General,,,False
base 44 website builder,68,68,,,,,,kp-bing-2026-10-01-g6.csv,Web presence,General,,,True
practice management software,67,67,,,,,,kp-bing-2026-10-01-g1.csv,CRM core,General,/legal-practice-management-software/,slug match,True
lightroom alternatives,67,67,,,,,,kp-bing-2026-10-01-g2.csv,Unclassified,General,,,False
coomeet alternatives,67,67,,,,,,kp-bing-2026-10-01-g2.csv,Unclassified,General,,,False
real estate brokers,67,67,,,,,,kp-bing-2026-10-01-g3.csv,Unclassified,Real estate,,,False
form maker,67,67,,,,,,kp-bing-2026-10-01-g4.csv,Lifecycle spokes,General,,,False
rental contract template,67,67,,,,,,kp-bing-2026-10-01-g4.csv,Lifecycle spokes,General,,,False
onboarding tracker,67,67,,,,,,kp-bing-2026-10-01-g5.csv,Lifecycle spokes,General,,,False
best free website builder 2026,67,67,,,,,,kp-bing-2026-10-01-g6.csv,Web presence,General,,,True
best designed websites,67,67,,,,,,kp-bing-2026-10-01-g6.csv,Lifecycle spokes,General,,,True
planet networks client portal,66,66,,,,,,kp-bing-2026-10-01-g1.csv,CRM core,General,,,False
dell client management,66,66,,,,,,kp-bing-2026-10-01-g2.csv,CRM core,General,,,False
hoco proposal ideas,66,66,,,,,,kp-bing-2026-10-01-g5.csv,Lifecycle spokes,General,,,False
proposal format,66,66,,,,,,kp-bing-2026-10-01-g5.csv,Lifecycle spokes,General,,,False
godaddy website builder log in,66,66,,,,,,kp-bing-2026-10-01-g6.csv,Web presence,General,,,False
building a website for free,66,66,,,,,,kp-bing-2026-10-01-g6.csv,Web presence,General,,,False
powerpoint alternatives,65,65,,,,,,kp-bing-2026-10-01-g2.csv,Unclassified,General,,,False
event management software,64,64,,,,,,kp-bing-2026-10-01-g1.csv,Unclassified,General,,,False
primerica client portal,64,64,,,,,,kp-bing-2026-10-01-g1.csv,CRM core,General,,,False
proposal movie,64,64,,,,,,kp-bing-2026-10-01-g5.csv,Lifecycle spokes,General,,,False
marriage proposal,63,63,,,,,,kp-bing-2026-10-01-g5.csv,Lifecycle spokes,General,,,False
google sites free website builder,63,63,,,,,,kp-bing-2026-10-01-g6.csv,Web presence,General,,,True
epson support website for printers,63,63,,,,,,kp-bing-2026-10-01-g6.csv,Web presence,General,,,False
good websites,63,63,,,,,,kp-bing-2026-10-01-g6.csv,Web presence,General,,,False
wells fargo login ceo client portal,62,62,,,,,,kp-bing-2026-10-01-g1.csv,CRM core,General,,,False
client management service,62,62,,,,,,kp-bing-2026-10-01-g2.csv,CRM core,General,,,True
free online signature generator,62,62,,,,,,kp-bing-2026-10-01-g4.csv,Lifecycle spokes,General,,,False
employment contract template,62,62,,,,,,kp-bing-2026-10-01-g4.csv,Lifecycle spokes,General,,,False
www.singaporeairlines.com online booking,62,62,,,,,,kp-bing-2026-10-01-g5.csv,Lifecycle spokes,General,,,False
hoco proposal sign ideas,62,62,,,,,,kp-bing-2026-10-01-g5.csv,Lifecycle spokes,General,,,False
fill out pdf,61,61,,,,,,kp-bing-2026-10-01-g4.csv,Unclassified,General,,,False
publix flu shot appointment scheduling,61,61,,,,,,kp-bing-2026-10-01-g5.csv,Lifecycle spokes,General,,,False
wordpress elementor,61,61,,,,,,kp-bing-2026-10-01-g6.csv,Unclassified,General,,,False
sap joule for consultants,60,60,,,,,,kp-bing-2026-10-01-g2.csv,Unclassified,Coaches,,,False
las vegas realtors,60,60,,,,,,kp-bing-2026-10-01-g3.csv,Unclassified,Real estate,,,False
real estate agency,60,60,,,,,,kp-bing-2026-10-01-g3.csv,Unclassified,Agencies,,,False
new client form pdf,60,60,,,,,,kp-bing-2026-10-01-g4.csv,Lifecycle spokes,General,,,False
canva signature generator,60,60,,,,,,kp-bing-2026-10-01-g4.csv,Lifecycle spokes,General,,,False
work tools,59,59,,,,,,kp-bing-2026-10-01-g1.csv,Unclassified,General,,,False
best law firms,59,59,,,,,,kp-bing-2026-10-01-g1.csv,Unclassified,Legal,/best-crm-for-law-firms/,slug match,False
wealth.emaplan.com client portal,59,59,,,,,,kp-bing-2026-10-01-g1.csv,CRM core,General,,,False
website designers for small business,59,59,,,,,,kp-bing-2026-10-01-g5.csv,Lifecycle spokes,General,,,True
best website design,59,59,,,,,,kp-bing-2026-10-01-g6.csv,Lifecycle spokes,General,,,True
church management software,58,58,,,,,,kp-bing-2026-10-01-g1.csv,Unclassified,General,,,False
google alternatives,58,58,,,,,,kp-bing-2026-10-01-g2.csv,Unclassified,General,,,False
marketing agencies,58,58,,,,,,kp-bing-2026-10-01-g3.csv,Unclassified,Agencies,,,False
blank form,58,58,,,,,,kp-bing-2026-10-01-g4.csv,Lifecycle spokes,General,,,False
www.ethiopianairlines.com online booking,58,58,,,,,,kp-bing-2026-10-01-g5.csv,Lifecycle spokes,General,,,False
what is a proposal,58,58,,,,,,kp-bing-2026-10-01-g5.csv,Lifecycle spokes,General,,,False
how to start a website for free,58,58,,,,,,kp-bing-2026-10-01-g6.csv,Web presence,General,,,False
questco client portal,57,57,,,,,,kp-bing-2026-10-01-g1.csv,CRM core,General,,,False
fgmk client portal,57,57,,,,,,kp-bing-2026-10-01-g1.csv,CRM core,General,,,False
canvas client portal,57,57,,,,,,kp-bing-2026-10-01-g1.csv,CRM core,General,,,False
intake forms,57,57,,,,,,kp-bing-2026-10-01-g4.csv,Lifecycle spokes,General,,,True
uscis online filing,57,57,,,,,,kp-bing-2026-10-01-g4.csv,Unclassified,General,,,False
2026 budget proposal,57,57,,,,,,kp-bing-2026-10-01-g5.csv,Lifecycle spokes,General,,,False
adobe website builder,57,57,,,,,,kp-bing-2026-10-01-g6.csv,Web presence,General,,,True
intake form template,56,56,,,,,,kp-bing-2026-10-01-g4.csv,Lifecycle spokes,General,,,True
intake and output sheet,56,56,,,,,,kp-bing-2026-10-01-g4.csv,Lifecycle spokes,General,,,False
agreement format,56,56,,,,,,kp-bing-2026-10-01-g4.csv,Lifecycle spokes,General,,,False
how to write a project proposal,56,56,,,,,,kp-bing-2026-10-01-g5.csv,Lifecycle spokes,General,,,False
making a website for free,56,56,,,,,,kp-bing-2026-10-01-g6.csv,Web presence,General,,,False
best website showing nude young girls,56,56,,,,,,kp-bing-2026-10-01-g6.csv,Web presence,General,,,False
website examples,56,56,,,,,,kp-bing-2026-10-01-g6.csv,Web presence,General,,,False
document management software,55,55,,,,,,kp-bing-2026-10-01-g1.csv,Unclassified,General,,,False
task management software,55,55,,,,,,kp-bing-2026-10-01-g1.csv,Unclassified,General,,,False
business software,55,55,,,,,,kp-bing-2026-10-01-g1.csv,Unclassified,General,,,False
project manager software,55,55,,,,,,kp-bing-2026-10-01-g1.csv,Unclassified,General,,,False
xifin client portal,55,55,,,,,,kp-bing-2026-10-01-g1.csv,CRM core,General,,,False
new employee onboarding,55,55,,,,,,kp-bing-2026-10-01-g5.csv,Lifecycle spokes,General,,,False
ksrtc online booking,55,55,,,,,,kp-bing-2026-10-01-g5.csv,Lifecycle spokes,General,,,False
best project management tools,54,54,,,,,,kp-bing-2026-10-01-g1.csv,Unclassified,General,,,False
mwg client portal,54,54,,,,,,kp-bing-2026-10-01-g1.csv,CRM core,General,,,False
hp client management script library,54,54,,,,,,kp-bing-2026-10-01-g2.csv,CRM core,General,,,True
client management system,54,54,,,,,,kp-bing-2026-10-01-g2.csv,CRM core,General,/what-is-client-relationship-management-software/,slug match,True
commercial real estate agents,54,54,,,,,,kp-bing-2026-10-01-g3.csv,Unclassified,Real estate,,,False
emirates airlines online booking,54,54,,,,,,kp-bing-2026-10-01-g5.csv,Lifecycle spokes,General,,,False
grant proposal,54,54,,,,,,kp-bing-2026-10-01-g5.csv,Lifecycle spokes,General,,,False
how to set up a website for free,54,54,,,,,,kp-bing-2026-10-01-g6.csv,Web presence,General,,,False
best website designs,54,54,,,,,,kp-bing-2026-10-01-g6.csv,Lifecycle spokes,General,,,True
client portal sign in,53,53,,,,,,kp-bing-2026-10-01-g1.csv,CRM core,General,,,False
onboarding form,53,53,,,,,,kp-bing-2026-10-01-g5.csv,Lifecycle spokes,General,,,False
government grants for small business,53,53,,,,,,kp-bing-2026-10-01-g5.csv,Unclassified,General,,,False
intake sheet,52,52,,,,,,kp-bing-2026-10-01-g4.csv,Lifecycle spokes,General,,,False
onboarding checklist template,52,52,,,,,,kp-bing-2026-10-01-g5.csv,Lifecycle spokes,General,,,True
new hire checklist template,52,52,,,,,,kp-bing-2026-10-01-g5.csv,Unclassified,General,,,False
att appointment scheduling,52,52,,,,,,kp-bing-2026-10-01-g5.csv,Lifecycle spokes,General,,,False
completely free website builder,52,52,,,,,,kp-bing-2026-10-01-g6.csv,Web presence,General,,,True
website for kids to play on keyboard,52,52,,,,,,kp-bing-2026-10-01-g6.csv,Web presence,General,,,False
project management tool,51,51,,,,,,kp-bing-2026-10-01-g1.csv,Unclassified,General,,,False
lawfirm,51,51,,,,,,kp-bing-2026-10-01-g1.csv,Unclassified,Legal,,,False
dss client portal,51,51,,,,,,kp-bing-2026-10-01-g1.csv,CRM core,General,,,False
femicore alternatives,51,51,,,,,,kp-bing-2026-10-01-g2.csv,Unclassified,General,,,False
cheapest website builder,51,51,,,,,,kp-bing-2026-10-01-g6.csv,Web presence,General,,,True
easiest website builder,51,51,,,,,,kp-bing-2026-10-01-g6.csv,Web presence,General,,,True
task management tools,50,50,,,,,,kp-bing-2026-10-01-g1.csv,Unclassified,General,,,False
grt financial client portal,50,50,,,,,,kp-bing-2026-10-01-g1.csv,CRM core,General,,,False
paycom client portal,50,50,,,,,,kp-bing-2026-10-01-g1.csv,CRM core,General,,,False
re/max realty listings near me,50,50,,,,,,kp-bing-2026-10-01-g3.csv,Unclassified,General,,,False
onboarding plan,50,50,,,,,,kp-bing-2026-10-01-g5.csv,Lifecycle spokes,General,,,False
illinois dmv appointment scheduling,50,50,,,,,,kp-bing-2026-10-01-g5.csv,Lifecycle spokes,General,,,False
dtf printers for small business,50,50,,,,,,kp-bing-2026-10-01-g5.csv,Unclassified,General,,,False
grants for small business women,50,50,,,,,,kp-bing-2026-10-01-g5.csv,Unclassified,General,,,False
research proposal sample,50,50,,,,,,kp-bing-2026-10-01-g5.csv,Lifecycle spokes,General,,,False
clio software,49,49,,,,,,kp-bing-2026-10-01-g1.csv,CRM core,General,,,False
legal directory,49,49,,,,,,kp-bing-2026-10-01-g1.csv,Unclassified,Legal,,,False
mycase client portal login,49,49,,,,,,kp-bing-2026-10-01-g1.csv,CRM core,General,,,False
redefin,49,49,,,,,,kp-bing-2026-10-01-g3.csv,Unclassified,General,,,False
event proposal template,49,49,,,,,,kp-bing-2026-10-01-g5.csv,Lifecycle spokes,General,,,True
hsd client portal,48,48,,,,,,kp-bing-2026-10-01-g1.csv,CRM core,General,,,False
create a signature free,48,48,,,,,,kp-bing-2026-10-01-g4.csv,Lifecycle spokes,General,,,False
how to create website for business,48,48,,,,,,kp-bing-2026-10-01-g6.csv,Web presence,General,,,False
project management systems,47,47,,,,,,kp-bing-2026-10-01-g1.csv,Unclassified,General,,,False
accounting games,47,47,,,,,,kp-bing-2026-10-01-g1.csv,Unclassified,Accounting,,,False
camera bags for photographers,47,47,,,,,,kp-bing-2026-10-01-g2.csv,Unclassified,Photographers,,,False
cvs vaccination appointment scheduling,47,47,,,,,,kp-bing-2026-10-01-g5.csv,Lifecycle spokes,General,,,False
uscis appointment scheduling,47,47,,,,,,kp-bing-2026-10-01-g5.csv,Lifecycle spokes,General,,,False
labcorp near me appointment scheduling,47,47,,,,,,kp-bing-2026-10-01-g5.csv,Lifecycle spokes,General,,,False
homecoming proposal ideas,47,47,,,,,,kp-bing-2026-10-01-g5.csv,Lifecycle spokes,General,,,False
website builder software,47,47,,,,,,kp-bing-2026-10-01-g6.csv,Web presence,General,/website-builders-for-service-businesses/,slug match,True
law offices,46,46,,,,,,kp-bing-2026-10-01-g1.csv,Unclassified,Legal,,,False
rsm client portal,46,46,,,,,,kp-bing-2026-10-01-g1.csv,CRM core,General,,,False
document signing app,46,46,,,,,,kp-bing-2026-10-01-g4.csv,Lifecycle spokes,General,,,True
colorado dmv appointment scheduling,46,46,,,,,,kp-bing-2026-10-01-g5.csv,Lifecycle spokes,General,,,False
postage machines for small business,46,46,,,,,,kp-bing-2026-10-01-g5.csv,Unclassified,General,,,False
how to write a grant proposal,46,46,,,,,,kp-bing-2026-10-01-g5.csv,Lifecycle spokes,General,,,False
project management apps,45,45,,,,,,kp-bing-2026-10-01-g1.csv,Unclassified,General,,,False
work management,45,45,,,,,,kp-bing-2026-10-01-g1.csv,Unclassified,General,,,False
mo real estate license lookup,45,45,,,,,,kp-bing-2026-10-01-g3.csv,Unclassified,Real estate,,,False
booking calendar,45,45,,,,,,kp-bing-2026-10-01-g5.csv,Lifecycle spokes,General,,,False
ghtd online booking,45,45,,,,,,kp-bing-2026-10-01-g5.csv,Lifecycle spokes,General,,,False
ai receptionist for small business,45,45,,,,,,kp-bing-2026-10-01-g5.csv,Unclassified,General,,,False
prosecutor proposal,45,45,,,,,,kp-bing-2026-10-01-g5.csv,Lifecycle spokes,General,,,False
how to create website for free,45,45,,,,,,kp-bing-2026-10-01-g6.csv,Web presence,General,,,False
inventory management software dashboard,44,44,,,,,,kp-bing-2026-10-01-g1.csv,Unclassified,General,,,False
fis client portal login,44,44,,,,,,kp-bing-2026-10-01-g1.csv,CRM core,General,,,False
plex alternatives,44,44,,,,,,kp-bing-2026-10-01-g2.csv,Unclassified,General,,,False
client intake form template,44,44,,,,,,kp-bing-2026-10-01-g4.csv,Lifecycle spokes,General,,,True
temu returns online form,44,44,,,,,,kp-bing-2026-10-01-g4.csv,Lifecycle spokes,General,,,False
business funding for small business,44,44,,,,,,kp-bing-2026-10-01-g5.csv,Unclassified,General,,,False
homecoming proposal,44,44,,,,,,kp-bing-2026-10-01-g5.csv,Lifecycle spokes,General,,,False
project management software free,43,43,,,,,,kp-bing-2026-10-01-g1.csv,Unclassified,General,,,False
what is a research proposal,43,43,,,,,,kp-bing-2026-10-01-g5.csv,Lifecycle spokes,General,,,False
gameinformer.com,42,42,,,,,,kp-bing-2026-10-01-g1.csv,Lifecycle spokes,General,,,False
form template,42,42,,,,,,kp-bing-2026-10-01-g4.csv,Lifecycle spokes,General,,,False
dmv appointment scheduling near me,42,42,,,,,,kp-bing-2026-10-01-g5.csv,Lifecycle spokes,General,,,False
square online website builder,42,42,,,,,,kp-bing-2026-10-01-g6.csv,Web presence,General,,,True
va website for veterans,42,42,,,,,,kp-bing-2026-10-01-g6.csv,Web presence,General,,,False
top 200 websites,42,42,,,,,,kp-bing-2026-10-01-g6.csv,Web presence,General,,,False
simplepractice client portal login,41,41,,,,,,kp-bing-2026-10-01-g1.csv,CRM core,General,,,False
contact management,41,41,,,,,,kp-bing-2026-10-01-g2.csv,Unclassified,General,,,False
irs appointment scheduling in person,41,41,,,,,,kp-bing-2026-10-01-g5.csv,Lifecycle spokes,General,,,False
website platforms,41,41,,,,,,kp-bing-2026-10-01-g6.csv,Lifecycle spokes,General,,,False
godaddy a website builder,41,41,,,,,,kp-bing-2026-10-01-g6.csv,Web presence,General,,,True
how to submit a form online,40,40,,,,,,kp-bing-2026-10-01-g4.csv,Lifecycle spokes,General,,,False
free document signing online,40,40,,,,,,kp-bing-2026-10-01-g4.csv,Lifecycle spokes,General,,,True
free contract templates,40,40,,,,,,kp-bing-2026-10-01-g4.csv,Lifecycle spokes,General,,,True
srivani trust ttd online booking,40,40,,,,,,kp-bing-2026-10-01-g5.csv,Lifecycle spokes,General,,,False
cute hoco proposal,40,40,,,,,,kp-bing-2026-10-01-g5.csv,Lifecycle spokes,General,,,False
limble cmms - maintenance management software,39,39,,,,,,kp-bing-2026-10-01-g1.csv,Unclassified,General,,,False
free inventory management software,39,39,,,,,,kp-bing-2026-10-01-g1.csv,Unclassified,General,,,False
best free project management software,39,39,,,,,,kp-bing-2026-10-01-g1.csv,Unclassified,General,,,False
website for tractor supply store,39,39,,,,,,kp-bing-2026-10-01-g6.csv,Web presence,General,,,False
award winning websites,39,39,,,,,,kp-bing-2026-10-01-g6.csv,Web presence,General,,,False
chaturbate alternatives,38,38,,,,,,kp-bing-2026-10-01-g2.csv,Unclassified,General,,,False
ariel alternatives,38,38,,,,,,kp-bing-2026-10-01-g2.csv,Unclassified,General,,,False
real estate agencies,38,38,,,,,,kp-bing-2026-10-01-g3.csv,Unclassified,Agencies,,,False
quest diagnostics lab appointment scheduling,38,38,,,,,,kp-bing-2026-10-01-g5.csv,Lifecycle spokes,General,,,False
project planning software,37,37,,,,,,kp-bing-2026-10-01-g1.csv,Unclassified,General,,,False
pharmacy alternatives,37,37,,,,,,kp-bing-2026-10-01-g2.csv,Unclassified,General,,,False
patient intake form template,37,37,,,,,,kp-bing-2026-10-01-g4.csv,Lifecycle spokes,General,,,False
new contract,37,37,,,,,,kp-bing-2026-10-01-g4.csv,Lifecycle spokes,General,,,False
dmv appointment scheduling online,37,37,,,,,,kp-bing-2026-10-01-g5.csv,Lifecycle spokes,General,,,False
bridesmaid proposal box,37,37,,,,,,kp-bing-2026-10-01-g5.csv,Lifecycle spokes,General,,,False
a modest proposal pdf,37,37,,,,,,kp-bing-2026-10-01-g5.csv,Lifecycle spokes,General,,,False
work management system,36,36,,,,,,kp-bing-2026-10-01-g1.csv,Unclassified,General,,,False
https //jha client portal,36,36,,,,,,kp-bing-2026-10-01-g1.csv,CRM core,General,,,False
quizlet alternatives free,36,36,,,,,,kp-bing-2026-10-01-g2.csv,Unclassified,General,,,False
keller williams real estate agents,36,36,,,,,,kp-bing-2026-10-01-g3.csv,Unclassified,Real estate,,,False
mo real estate commission,36,36,,,,,,kp-bing-2026-10-01-g3.csv,Unclassified,Real estate,,,False
police report online form,36,36,,,,,,kp-bing-2026-10-01-g4.csv,Lifecycle spokes,General,,,False
microsoft word document login,36,36,,,,,,kp-bing-2026-10-01-g4.csv,Unclassified,General,,,False
hannaford vaccine appointment scheduling,36,36,,,,,,kp-bing-2026-10-01-g5.csv,Lifecycle spokes,General,,,False
www.cebupacificair.com online booking,36,36,,,,,,kp-bing-2026-10-01-g5.csv,Lifecycle spokes,General,,,False
best website builder free,36,36,,,,,,kp-bing-2026-10-01-g6.csv,Web presence,General,/website-builders-for-service-businesses/,slug match,True
starfall website for kids,36,36,,,,,,kp-bing-2026-10-01-g6.csv,Web presence,General,,,False
project tracking software,35,35,,,,,,kp-bing-2026-10-01-g1.csv,Unclassified,General,,,False
appfolio property management software,35,35,,,,,,kp-bing-2026-10-01-g1.csv,Unclassified,General,,,False
jambojet online booking,35,35,,,,,,kp-bing-2026-10-01-g5.csv,Lifecycle spokes,General,,,False
website for free movies,35,35,,,,,,kp-bing-2026-10-01-g6.csv,Web presence,General,,,False
hp support website for printers,35,35,,,,,,kp-bing-2026-10-01-g6.csv,Web presence,General,,,False
camera website for laptop,35,35,,,,,,kp-bing-2026-10-01-g6.csv,Web presence,General,,,False
download dell client management service,34,34,,,,,,kp-bing-2026-10-01-g2.csv,CRM core,General,,,False
project intake form,34,34,,,,,,kp-bing-2026-10-01-g4.csv,Lifecycle spokes,General,,,True
canva signature,34,34,,,,,,kp-bing-2026-10-01-g4.csv,Lifecycle spokes,General,,,False
qatar airways online booking,34,34,,,,,,kp-bing-2026-10-01-g5.csv,Lifecycle spokes,General,,,False
srisailam online booking,34,34,,,,,,kp-bing-2026-10-01-g5.csv,Lifecycle spokes,General,,,False
proposal rings,34,34,,,,,,kp-bing-2026-10-01-g5.csv,Lifecycle spokes,General,,,False
articulation website builder,34,34,,,,,,kp-bing-2026-10-01-g6.csv,Web presence,General,,,True
workforce management software,33,33,,,,,,kp-bing-2026-10-01-g1.csv,Unclassified,General,,,False
open source project management software,33,33,,,,,,kp-bing-2026-10-01-g1.csv,Unclassified,General,,,False
practice management system,33,33,,,,,,kp-bing-2026-10-01-g1.csv,CRM core,General,/legal-practice-management-software/,slug match,True
hb portal,33,33,,,,,,kp-bing-2026-10-01-g2.csv,Unclassified,General,,,False
creating a digital signature,33,33,,,,,,kp-bing-2026-10-01-g4.csv,Lifecycle spokes,General,,,True
service contract template,33,33,,,,,,kp-bing-2026-10-01-g4.csv,Lifecycle spokes,General,,,True
lease contract template,33,33,,,,,,kp-bing-2026-10-01-g4.csv,Lifecycle spokes,General,,,False
www.airindia.com online booking,33,33,,,,,,kp-bing-2026-10-01-g5.csv,Lifecycle spokes,General,,,False
budget proposal,33,33,,,,,,kp-bing-2026-10-01-g5.csv,Lifecycle spokes,General,,,False
proposal examples,33,33,,,,,,kp-bing-2026-10-01-g5.csv,Lifecycle spokes,General,,,False
html website builder,33,33,,,,,,kp-bing-2026-10-01-g6.csv,Web presence,General,,,True
official website for delta airlines,33,33,,,,,,kp-bing-2026-10-01-g6.csv,Web presence,General,,,False
alternatives meaning,32,32,,,,,,kp-bing-2026-10-01-g2.csv,Unclassified,General,,,False
texas driver license appointment scheduling,32,32,,,,,,kp-bing-2026-10-01-g5.csv,Lifecycle spokes,General,,,False
pos system for small business,32,32,,,,,,kp-bing-2026-10-01-g5.csv,Unclassified,General,,,False
research proposal format,32,32,,,,,,kp-bing-2026-10-01-g5.csv,Lifecycle spokes,General,,,False
risk management software,31,31,,,,,,kp-bing-2026-10-01-g1.csv,Unclassified,General,,,False
i o sheet,31,31,,,,,,kp-bing-2026-10-01-g4.csv,Unclassified,General,,,False
sample website,31,31,,,,,,kp-bing-2026-10-01-g6.csv,Web presence,General,,,False
missouri real estate license renewal,30,30,,,,,,kp-bing-2026-10-01-g3.csv,Unclassified,Real estate,,,False
form design,30,30,,,,,,kp-bing-2026-10-01-g4.csv,Lifecycle spokes,General,,,True
onboarding documents,30,30,,,,,,kp-bing-2026-10-01-g5.csv,Lifecycle spokes,General,,,False
kuwait airways online booking,30,30,,,,,,kp-bing-2026-10-01-g5.csv,Lifecycle spokes,General,,,False
vendor management software,29,29,,,,,,kp-bing-2026-10-01-g1.csv,Unclassified,General,,,False
task monitoring,29,29,,,,,,kp-bing-2026-10-01-g1.csv,Out of scope,General,,,False
accounting quiz,29,29,,,,,,kp-bing-2026-10-01-g1.csv,Unclassified,Accounting,,,False
intake output chart,29,29,,,,,,kp-bing-2026-10-01-g4.csv,Lifecycle spokes,General,,,False
google scheduling tool,29,29,,,,,,kp-bing-2026-10-01-g5.csv,Lifecycle spokes,General,,,True
victory liner online booking,29,29,,,,,,kp-bing-2026-10-01-g5.csv,Lifecycle spokes,General,,,False
project proposal example,29,29,,,,,,kp-bing-2026-10-01-g5.csv,Lifecycle spokes,General,,,False
warehouse management software,28,28,,,,,,kp-bing-2026-10-01-g1.csv,Unclassified,General,,,False
yardi property management software,28,28,,,,,,kp-bing-2026-10-01-g1.csv,Unclassified,General,,,False
phytomem one alternatives,28,28,,,,,,kp-bing-2026-10-01-g2.csv,Unclassified,General,,,False
sir online form process,28,28,,,,,,kp-bing-2026-10-01-g4.csv,Lifecycle spokes,General,,,False
ttd devasthanam online booking,28,28,,,,,,kp-bing-2026-10-01-g5.csv,Lifecycle spokes,General,,,False
verizon grants for small business,28,28,,,,,,kp-bing-2026-10-01-g5.csv,Unclassified,General,,,False
budget proposal template,28,28,,,,,,kp-bing-2026-10-01-g5.csv,Lifecycle spokes,General,,,True
business proposal kdrama cast,28,28,,,,,,kp-bing-2026-10-01-g5.csv,Lifecycle spokes,General,,,False
homestead website builder,28,28,,,,,,kp-bing-2026-10-01-g6.csv,Web presence,General,,,True
free website for movies,28,28,,,,,,kp-bing-2026-10-01-g6.csv,Web presence,General,,,False
project planning tools,27,27,,,,,,kp-bing-2026-10-01-g1.csv,Unclassified,General,,,False
request form template,27,27,,,,,,kp-bing-2026-10-01-g4.csv,Lifecycle spokes,General,,,False
air niugini online booking,27,27,,,,,,kp-bing-2026-10-01-g5.csv,Lifecycle spokes,General,,,False
shane dawson proposal,27,27,,,,,,kp-bing-2026-10-01-g5.csv,Lifecycle spokes,General,,,False
checkpoint ehr client portal,26,26,,,,,,kp-bing-2026-10-01-g1.csv,CRM core,General,,,False
alternatives to payday loans,26,26,,,,,,kp-bing-2026-10-01-g2.csv,Unclassified,General,,,False
dell client management services,26,26,,,,,,kp-bing-2026-10-01-g2.csv,CRM core,General,,,False
marketing agencies near me,26,26,,,,,,kp-bing-2026-10-01-g3.csv,Unclassified,Agencies,,,False
client onboarding,26,26,,,,,,kp-bing-2026-10-01-g5.csv,Lifecycle spokes,General,/client-onboarding-software/,GSC,False
redbus online booking,26,26,,,,,,kp-bing-2026-10-01-g5.csv,Lifecycle spokes,General,,,False
www.indigoairlines.com online booking,26,26,,,,,,kp-bing-2026-10-01-g5.csv,Lifecycle spokes,General,,,False
a modest proposal jonathan swift,26,26,,,,,,kp-bing-2026-10-01-g5.csv,Lifecycle spokes,General,,,False
case management systems,25,25,,,,,,kp-bing-2026-10-01-g1.csv,CRM core,General,/best-legal-case-management-software/,slug match,True
facility management software,25,25,,,,,,kp-bing-2026-10-01-g1.csv,Unclassified,General,,,False
dmv virginia appointment scheduling,25,25,,,,,,kp-bing-2026-10-01-g5.csv,Lifecycle spokes,General,,,False
google scheduler,25,25,,,,,,kp-bing-2026-10-01-g5.csv,Unclassified,General,,,False
tsrtc online booking,25,25,,,,,,kp-bing-2026-10-01-g5.csv,Lifecycle spokes,General,,,False
debt blue client portal,24,24,,,,,,kp-bing-2026-10-01-g1.csv,CRM core,General,,,False
google translate alternatives,24,24,,,,,,kp-bing-2026-10-01-g2.csv,Unclassified,General,,,False
dellclientmanagementservice dell client management service,24,24,,,,,,kp-bing-2026-10-01-g2.csv,CRM core,General,,,False
real estate agents in my area,24,24,,,,,,kp-bing-2026-10-01-g3.csv,Unclassified,Real estate,,,False
sample form,24,24,,,,,,kp-bing-2026-10-01-g4.csv,Lifecycle spokes,General,,,False
order form template free,24,24,,,,,,kp-bing-2026-10-01-g4.csv,Lifecycle spokes,General,,,False
cvs minuteclinic appointment scheduling,24,24,,,,,,kp-bing-2026-10-01-g5.csv,Lifecycle spokes,General,,,False
new york dmv appointment scheduling,24,24,,,,,,kp-bing-2026-10-01-g5.csv,Lifecycle spokes,General,,,False
rwandair online booking,24,24,,,,,,kp-bing-2026-10-01-g5.csv,Lifecycle spokes,General,,,False
delta airlines online booking,24,24,,,,,,kp-bing-2026-10-01-g5.csv,Lifecycle spokes,General,,,False
emirates.com online booking,24,24,,,,,,kp-bing-2026-10-01-g5.csv,Lifecycle spokes,General,,,False
management tools,23,23,,,,,,kp-bing-2026-10-01-g1.csv,Unclassified,General,/what-is-client-relationship-management-software/,slug match,False
provider one client portal,23,23,,,,,,kp-bing-2026-10-01-g1.csv,CRM core,General,,,False
fenix appointment scheduling,23,23,,,,,,kp-bing-2026-10-01-g5.csv,Lifecycle spokes,General,,,False
university radiology appointment scheduling,23,23,,,,,,kp-bing-2026-10-01-g5.csv,Lifecycle spokes,General,,,False
meijer vaccine appointment scheduling,23,23,,,,,,kp-bing-2026-10-01-g5.csv,Lifecycle spokes,General,,,False
research proposal examples,23,23,,,,,,kp-bing-2026-10-01-g5.csv,Lifecycle spokes,General,,,False
project proposal sample,23,23,,,,,,kp-bing-2026-10-01-g5.csv,Lifecycle spokes,General,,,False
free website builder with domain,23,23,,,,,,kp-bing-2026-10-01-g6.csv,Web presence,General,,,True
jh client portal,22,22,,,,,,kp-bing-2026-10-01-g1.csv,CRM core,General,,,False
how much do real estate agents make a year,22,22,,,,,,kp-bing-2026-10-01-g3.csv,Unclassified,Real estate,,,False
filing documents,22,22,,,,,,kp-bing-2026-10-01-g4.csv,Unclassified,General,,,False
passport online form,22,22,,,,,,kp-bing-2026-10-01-g4.csv,Lifecycle spokes,General,,,False
free signing documents online,22,22,,,,,,kp-bing-2026-10-01-g4.csv,Lifecycle spokes,General,,,False
astro website builder,22,22,,,,,,kp-bing-2026-10-01-g6.csv,Web presence,General,,,True
steven universe best website,22,22,,,,,,kp-bing-2026-10-01-g6.csv,Web presence,General,,,False
martindale.com,21,21,,,,,,kp-bing-2026-10-01-g1.csv,Unclassified,General,,,False
digital marketing agencies,21,21,,,,,,kp-bing-2026-10-01-g3.csv,Unclassified,Agencies,,,False
quest lab appointment scheduling,21,21,,,,,,kp-bing-2026-10-01-g5.csv,Lifecycle spokes,General,,,False
idaho dmv appointment scheduling,21,21,,,,,,kp-bing-2026-10-01-g5.csv,Lifecycle spokes,General,,,False
proposal writing,21,21,,,,,,kp-bing-2026-10-01-g5.csv,Lifecycle spokes,General,,,False
grant proposal examples,21,21,,,,,,kp-bing-2026-10-01-g5.csv,Lifecycle spokes,General,,,False
another word for proposal,21,21,,,,,,kp-bing-2026-10-01-g5.csv,Lifecycle spokes,General,,,False
cargo website builder,21,21,,,,,,kp-bing-2026-10-01-g6.csv,Web presence,General,,,True
hcmtogo website for employees,21,21,,,,,,kp-bing-2026-10-01-g6.csv,Web presence,General,,,False
cbiz client portal,20,20,,,,,,kp-bing-2026-10-01-g1.csv,CRM core,General,,,False
streameast legal alternatives,20,20,,,,,,kp-bing-2026-10-01-g2.csv,Unclassified,Legal,,,False
booking .com flights,20,20,,,,,,kp-bing-2026-10-01-g5.csv,Lifecycle spokes,General,,,False
irctc online booking,20,20,,,,,,kp-bing-2026-10-01-g5.csv,Lifecycle spokes,General,,,False
sponsorship proposal,20,20,,,,,,kp-bing-2026-10-01-g5.csv,Lifecycle spokes,General,,,False
microsoft website builder,20,20,,,,,,kp-bing-2026-10-01-g6.csv,Web presence,General,,,True
data management software,19,19,,,,,,kp-bing-2026-10-01-g1.csv,Unclassified,General,,,False
best project management software 2026,19,19,,,,,,kp-bing-2026-10-01-g1.csv,Unclassified,General,,,False
magic circle law firms,19,19,,,,,,kp-bing-2026-10-01-g1.csv,Unclassified,Legal,,,False
biggest law firms in the world,19,19,,,,,,kp-bing-2026-10-01-g1.csv,Unclassified,Legal,,,False
sabarimala online booking,19,19,,,,,,kp-bing-2026-10-01-g5.csv,Lifecycle spokes,General,,,False
airline tickets online booking,19,19,,,,,,kp-bing-2026-10-01-g5.csv,Lifecycle spokes,General,,,False
proposa,19,19,,,,,,kp-bing-2026-10-01-g5.csv,Unclassified,General,,,False
morgan stanley client portal,18,18,,,,,,kp-bing-2026-10-01-g1.csv,CRM core,General,,,False
taxdome client portal login,18,18,,,,,,kp-bing-2026-10-01-g1.csv,CRM core,Accounting,,,False
zapier alternatives,18,18,,,,,,kp-bing-2026-10-01-g2.csv,Unclassified,General,,,False
digisign login - skyslope - real estate transaction management,18,18,,,,,,kp-bing-2026-10-01-g3.csv,Unclassified,Real estate,,,False
canva forms,18,18,,,,,,kp-bing-2026-10-01-g4.csv,Lifecycle spokes,General,,,False
legal contract templates,18,18,,,,,,kp-bing-2026-10-01-g4.csv,Lifecycle spokes,Legal,,,True
best banks for small business loans,18,18,,,,,,kp-bing-2026-10-01-g5.csv,Unclassified,General,,,False
business proposal format,18,18,,,,,,kp-bing-2026-10-01-g5.csv,Lifecycle spokes,General,,,False
canopy delightful client management,17,17,,,,,,kp-bing-2026-10-01-g2.csv,CRM core,General,,,True
e-signature maker,17,17,,,,,,kp-bing-2026-10-01-g4.csv,Lifecycle spokes,General,,,True
walgreens vaccinations appointment scheduling,17,17,,,,,,kp-bing-2026-10-01-g5.csv,Lifecycle spokes,General,,,False
ssa gov appointment scheduling,17,17,,,,,,kp-bing-2026-10-01-g5.csv,Lifecycle spokes,General,,,False
website for movies for free,17,17,,,,,,kp-bing-2026-10-01-g6.csv,Web presence,General,,,False
awards website,17,17,,,,,,kp-bing-2026-10-01-g6.csv,Web presence,General,,,False
customer relationship management software,16,16,,,,,,kp-bing-2026-10-01-g1.csv,Unclassified,General,,,False
alternatives fcu,16,16,,,,,,kp-bing-2026-10-01-g2.csv,Unclassified,General,,,False
hianime alternatives 2026,16,16,,,,,,kp-bing-2026-10-01-g2.csv,Unclassified,General,,,False
estate agent,16,16,,,,,,kp-bing-2026-10-01-g3.csv,Unclassified,General,,,False
best appointment scheduling software,16,16,,,,,,kp-bing-2026-10-01-g5.csv,Lifecycle spokes,General,,,True
kroger flu shot appointment scheduling,16,16,,,,,,kp-bing-2026-10-01-g5.csv,Lifecycle spokes,General,,,False
questdiagnostics.com appointment scheduling,16,16,,,,,,kp-bing-2026-10-01-g5.csv,Lifecycle spokes,General,,,False
fairfax radiology appointment scheduling,16,16,,,,,,kp-bing-2026-10-01-g5.csv,Lifecycle spokes,General,,,False
safarilink online booking,16,16,,,,,,kp-bing-2026-10-01-g5.csv,Lifecycle spokes,General,,,False
proposal form,16,16,,,,,,kp-bing-2026-10-01-g5.csv,Lifecycle spokes,General,,,False
2027 budget proposal,16,16,,,,,,kp-bing-2026-10-01-g5.csv,Lifecycle spokes,General,,,False
how to make a website for kids,16,16,,,,,,kp-bing-2026-10-01-g6.csv,Web presence,General,,,True
mobile device management software,15,15,,,,,,kp-bing-2026-10-01-g1.csv,Unclassified,General,,,False
time management software,15,15,,,,,,kp-bing-2026-10-01-g1.csv,Unclassified,General,,,False
law firms near me hiring,15,15,,,,,,kp-bing-2026-10-01-g1.csv,Unclassified,Legal,,,False
bmc client management,15,15,,,,,,kp-bing-2026-10-01-g2.csv,CRM core,General,,,True
contract form,15,15,,,,,,kp-bing-2026-10-01-g4.csv,Lifecycle spokes,General,,,False
contract format,15,15,,,,,,kp-bing-2026-10-01-g4.csv,Lifecycle spokes,General,,,False
nhd website builder,15,15,,,,,,kp-bing-2026-10-01-g6.csv,Web presence,General,,,False
official website for facebook,15,15,,,,,,kp-bing-2026-10-01-g6.csv,Web presence,General,,,False
awwwards.com,15,15,,,,,,kp-bing-2026-10-01-g6.csv,Unclassified,General,,,False
planning software,14,14,,,,,,kp-bing-2026-10-01-g1.csv,Unclassified,General,,,False
accounting questions,14,14,,,,,,kp-bing-2026-10-01-g1.csv,Unclassified,Accounting,,,False
test account,14,14,,,,,,kp-bing-2026-10-01-g1.csv,Unclassified,General,,,False
compass real estate agents,14,14,,,,,,kp-bing-2026-10-01-g3.csv,Unclassified,Real estate,,,False
pick time login,14,14,,,,,,kp-bing-2026-10-01-g5.csv,Unclassified,General,,,False
www.airasia.com online booking,14,14,,,,,,kp-bing-2026-10-01-g5.csv,Lifecycle spokes,General,,,False
project proposal format,14,14,,,,,,kp-bing-2026-10-01-g5.csv,Lifecycle spokes,General,,,False
hoco proposal,14,14,,,,,,kp-bing-2026-10-01-g5.csv,Lifecycle spokes,General,,,False
bar management software,13,13,,,,,,kp-bing-2026-10-01-g1.csv,Unclassified,General,,,False
ameriprise client portal login,13,13,,,,,,kp-bing-2026-10-01-g1.csv,CRM core,General,,,False
digital form,13,13,,,,,,kp-bing-2026-10-01-g4.csv,Lifecycle spokes,General,,,False
free appointment booking system,13,13,,,,,,kp-bing-2026-10-01-g5.csv,Lifecycle spokes,General,,,True
oceanjet online booking,13,13,,,,,,kp-bing-2026-10-01-g5.csv,Lifecycle spokes,General,,,False
church website builder,13,13,,,,,,kp-bing-2026-10-01-g6.csv,Web presence,General,,,False
medicare website for providers,13,13,,,,,,kp-bing-2026-10-01-g6.csv,Web presence,General,,,False
what is this website for,13,13,,,,,,kp-bing-2026-10-01-g6.csv,Web presence,General,,,False
beeg alternatives,12,12,,,,,,kp-bing-2026-10-01-g2.csv,Unclassified,General,,,False
hotform,12,12,,,,,,kp-bing-2026-10-01-g4.csv,Lifecycle spokes,General,,,False
e sign document,12,12,,,,,,kp-bing-2026-10-01-g4.csv,Unclassified,General,,,False
agreement copy,12,12,,,,,,kp-bing-2026-10-01-g4.csv,Unclassified,General,,,False
mva appointment scheduling online,12,12,,,,,,kp-bing-2026-10-01-g5.csv,Lifecycle spokes,General,,,False
myanmar passport online booking,12,12,,,,,,kp-bing-2026-10-01-g5.csv,Lifecycle spokes,General,,,False
modest proposal,12,12,,,,,,kp-bing-2026-10-01-g5.csv,Lifecycle spokes,General,,,False
technical proposal,12,12,,,,,,kp-bing-2026-10-01-g5.csv,Lifecycle spokes,General,,,False
proposal template word,12,12,,,,,,kp-bing-2026-10-01-g5.csv,Lifecycle spokes,General,,,True
best website to watch anime,12,12,,,,,,kp-bing-2026-10-01-g6.csv,Web presence,General,,,False
project management softwares,11,11,,,,,,kp-bing-2026-10-01-g1.csv,Unclassified,General,,,False
purchase order management software,11,11,,,,,,kp-bing-2026-10-01-g1.csv,Unclassified,General,,,False
paycom login client portal,11,11,,,,,,kp-bing-2026-10-01-g1.csv,CRM core,General,,,False
client forms,11,11,,,,,,kp-bing-2026-10-01-g4.csv,Lifecycle spokes,General,,,False
identogo appointment scheduling online,11,11,,,,,,kp-bing-2026-10-01-g5.csv,Lifecycle spokes,General,,,False
at t store appointment scheduling,11,11,,,,,,kp-bing-2026-10-01-g5.csv,Lifecycle spokes,General,,,False
transasia online booking,11,11,,,,,,kp-bing-2026-10-01-g5.csv,Lifecycle spokes,General,,,False
ena coach online booking,11,11,,,,,,kp-bing-2026-10-01-g5.csv,Lifecycle spokes,Coaches,,,False
bus travels online booking,11,11,,,,,,kp-bing-2026-10-01-g5.csv,Lifecycle spokes,General,,,False
international flight booking,11,11,,,,,,kp-bing-2026-10-01-g5.csv,Lifecycle spokes,General,,,False
cheap hotels online booking,11,11,,,,,,kp-bing-2026-10-01-g5.csv,Lifecycle spokes,General,,,False
proposal synonyms,11,11,,,,,,kp-bing-2026-10-01-g5.csv,Lifecycle spokes,General,,,False
the official evisa website for indonesia,11,11,,,,,,kp-bing-2026-10-01-g6.csv,Web presence,General,,,False
t. rowe price client portal,10,10,,,,,,kp-bing-2026-10-01-g1.csv,CRM core,General,,,False
nztd online form,10,10,,,,,,kp-bing-2026-10-01-g4.csv,Lifecycle spokes,General,,,False
how to write a good project proposal,10,10,,,,,,kp-bing-2026-10-01-g5.csv,Lifecycle spokes,General,,,False
michigan proposal 1,10,10,,,,,,kp-bing-2026-10-01-g5.csv,Lifecycle spokes,General,,,False
accounting questions and answers,9,9,,,,,,kp-bing-2026-10-01-g1.csv,Unclassified,Accounting,,,False
search agent,9,9,,,,,,kp-bing-2026-10-01-g3.csv,Unclassified,General,,,False
intaq,9,9,,,,,,kp-bing-2026-10-01-g4.csv,Unclassified,General,,,False
client agreement,9,9,,,,,,kp-bing-2026-10-01-g4.csv,Unclassified,General,,,False
etihad airways online booking,9,9,,,,,,kp-bing-2026-10-01-g5.csv,Lifecycle spokes,General,,,False
ttdc online booking,9,9,,,,,,kp-bing-2026-10-01-g5.csv,Lifecycle spokes,General,,,False
government funding for small business,9,9,,,,,,kp-bing-2026-10-01-g5.csv,Unclassified,General,,,False
what does proposal mean,9,9,,,,,,kp-bing-2026-10-01-g5.csv,Lifecycle spokes,General,,,False
websites examples,9,9,,,,,,kp-bing-2026-10-01-g6.csv,Web presence,General,,,False
law firms in bozeman mt,8,8,,,,,,kp-bing-2026-10-01-g1.csv,Unclassified,Legal,,,False
online form dr-1,8,8,,,,,,kp-bing-2026-10-01-g4.csv,Lifecycle spokes,General,,,False
customer form,8,8,,,,,,kp-bing-2026-10-01-g4.csv,Lifecycle spokes,General,,,False
walgreens flu shot appointment online booking,8,8,,,,,,kp-bing-2026-10-01-g5.csv,Lifecycle spokes,General,,,False
png air online booking,8,8,,,,,,kp-bing-2026-10-01-g5.csv,Lifecycle spokes,General,,,False
airindia.com online booking,8,8,,,,,,kp-bing-2026-10-01-g5.csv,Lifecycle spokes,General,,,False
kk travels online booking,8,8,,,,,,kp-bing-2026-10-01-g5.csv,Lifecycle spokes,General,,,False
topic proposal examples,8,8,,,,,,kp-bing-2026-10-01-g5.csv,Lifecycle spokes,General,,,False
michigan proposal 2026-1,8,8,,,,,,kp-bing-2026-10-01-g5.csv,Lifecycle spokes,General,,,False
marina management software uk,7,7,,,,,,kp-bing-2026-10-01-g1.csv,Unclassified,General,,,False
elite legal practice scam,7,7,,,,,,kp-bing-2026-10-01-g1.csv,Unclassified,Legal,,,False
client portal log in,7,7,,,,,,kp-bing-2026-10-01-g1.csv,CRM core,General,,,False
us executive leader of tax practice deloitte,7,7,,,,,,kp-bing-2026-10-01-g1.csv,Unclassified,Accounting,,,False
real estate professional,7,7,,,,,,kp-bing-2026-10-01-g3.csv,Unclassified,Real estate,,,False
microsoft online form,7,7,,,,,,kp-bing-2026-10-01-g4.csv,Lifecycle spokes,General,,,False
simple contract template,7,7,,,,,,kp-bing-2026-10-01-g4.csv,Lifecycle spokes,General,,,True
participation contract template,7,7,,,,,,kp-bing-2026-10-01-g4.csv,Lifecycle spokes,General,,,True
air communities new teammate success checklist,7,7,,,,,,kp-bing-2026-10-01-g5.csv,Unclassified,General,,,False
md mva appointment scheduling,7,7,,,,,,kp-bing-2026-10-01-g5.csv,Lifecycle spokes,General,,,False
maryland mva appointment scheduling,7,7,,,,,,kp-bing-2026-10-01-g5.csv,Lifecycle spokes,General,,,False
costco optical appointment scheduling,7,7,,,,,,kp-bing-2026-10-01-g5.csv,Lifecycle spokes,General,,,False
flyunited online booking,7,7,,,,,,kp-bing-2026-10-01-g5.csv,Lifecycle spokes,General,,,False
iran proposal,7,7,,,,,,kp-bing-2026-10-01-g5.csv,Lifecycle spokes,General,,,False
aces proposal grant,7,7,,,,,,kp-bing-2026-10-01-g5.csv,Lifecycle spokes,General,,,False
showit website builder,7,7,,,,,,kp-bing-2026-10-01-g6.csv,Web presence,General,,,True
website to see how a watch look like watch different wrist,7,7,,,,,,kp-bing-2026-10-01-g6.csv,Web presence,General,,,False
ll bean website for online shopping,7,7,,,,,,kp-bing-2026-10-01-g6.csv,Web presence,General,,,False
best website to watch movies online free,7,7,,,,,,kp-bing-2026-10-01-g6.csv,Web presence,General,,,False
best website to download movies,7,7,,,,,,kp-bing-2026-10-01-g6.csv,Web presence,General,,,False
best websites 2026,7,7,,,,,,kp-bing-2026-10-01-g6.csv,Web presence,General,,,False
best website popular game websites in 2026 online all the popular games,7,7,,,,,,kp-bing-2026-10-01-g6.csv,Web presence,General,,,False
salesforce case management,6,6,,,,,,kp-bing-2026-10-01-g1.csv,CRM core,General,,,True
accounting practice problems,6,6,,,,,,kp-bing-2026-10-01-g1.csv,Unclassified,Accounting,,,False
local realtors,6,6,,,,,,kp-bing-2026-10-01-g3.csv,Unclassified,Real estate,,,False
new client intake form,6,6,,,,,,kp-bing-2026-10-01-g4.csv,Lifecycle spokes,General,,,True
sir online form,6,6,,,,,,kp-bing-2026-10-01-g4.csv,Lifecycle spokes,General,,,False
google appointments,6,6,,,,,,kp-bing-2026-10-01-g5.csv,Lifecycle spokes,General,,,False
emirates online booking,6,6,,,,,,kp-bing-2026-10-01-g5.csv,Lifecycle spokes,General,,,False
tirumala tirupati devasthanams online booking,6,6,,,,,,kp-bing-2026-10-01-g5.csv,Lifecycle spokes,General,,,False
ttd seva online booking,6,6,,,,,,kp-bing-2026-10-01-g5.csv,Lifecycle spokes,General,,,False
trump rejects iran proposal,6,6,,,,,,kp-bing-2026-10-01-g5.csv,Lifecycle spokes,General,,,False
groomsmen proposal gift,6,6,,,,,,kp-bing-2026-10-01-g5.csv,Lifecycle spokes,General,,,False
iran peace proposal news,6,6,,,,,,kp-bing-2026-10-01-g5.csv,Lifecycle spokes,General,,,False
frame website builder,6,6,,,,,,kp-bing-2026-10-01-g6.csv,Web presence,General,,,True
product lifecycle management software,5,5,,,,,,kp-bing-2026-10-01-g1.csv,Unclassified,General,,,False
inventory management software interface screenshot,5,5,,,,,,kp-bing-2026-10-01-g1.csv,Unclassified,General,,,False
ccc online form,5,5,,,,,,kp-bing-2026-10-01-g4.csv,Lifecycle spokes,General,,,False
adobe e-signature,5,5,,,,,,kp-bing-2026-10-01-g4.csv,Lifecycle spokes,General,,,True
pal online booking,5,5,,,,,,kp-bing-2026-10-01-g5.csv,Lifecycle spokes,General,,,False
bdo online booking,5,5,,,,,,kp-bing-2026-10-01-g5.csv,Lifecycle spokes,General,,,False
eva airlines online booking,5,5,,,,,,kp-bing-2026-10-01-g5.csv,Lifecycle spokes,General,,,False
private banking for small business owners,5,5,,,,,,kp-bing-2026-10-01-g5.csv,Unclassified,General,,,False
funding for small business,5,5,,,,,,kp-bing-2026-10-01-g5.csv,Unclassified,General,,,False
cigna provider website for providers,5,5,,,,,,kp-bing-2026-10-01-g6.csv,Web presence,General,,,False
can you make a website for free,5,5,,,,,,kp-bing-2026-10-01-g6.csv,Web presence,General,,,False
database management software,4,4,,,,,,kp-bing-2026-10-01-g1.csv,Unclassified,General,,,False
epson projector management software,4,4,,,,,,kp-bing-2026-10-01-g1.csv,Unclassified,General,,,False
family law firms near me,4,4,,,,,,kp-bing-2026-10-01-g1.csv,Unclassified,Legal,,,False
influencer marketing agencies,4,4,,,,,,kp-bing-2026-10-01-g3.csv,Unclassified,Agencies,,,False
intake and output chart,4,4,,,,,,kp-bing-2026-10-01-g4.csv,Lifecycle spokes,General,,,False
contract agreement sample,4,4,,,,,,kp-bing-2026-10-01-g4.csv,Lifecycle spokes,General,,,False
turkish airlines online booking,4,4,,,,,,kp-bing-2026-10-01-g5.csv,Lifecycle spokes,General,,,False
cyber insurance for small business,4,4,,,,,,kp-bing-2026-10-01-g5.csv,Unclassified,General,,,False
legal practice council,3,3,,,,,,kp-bing-2026-10-01-g1.csv,Unclassified,Legal,,,False
best camera bags for photographers,3,3,,,,,,kp-bing-2026-10-01-g2.csv,Unclassified,Photographers,,,False
free form builder,3,3,,,,,,kp-bing-2026-10-01-g4.csv,Lifecycle spokes,General,/best-form-builders-for-lead-capture/,slug match,True
google booking calendar,3,3,,,,,,kp-bing-2026-10-01-g5.csv,Lifecycle spokes,General,,,False
bus tickets online booking,3,3,,,,,,kp-bing-2026-10-01-g5.csv,Lifecycle spokes,General,,,False
train tickets online booking,3,3,,,,,,kp-bing-2026-10-01-g5.csv,Lifecycle spokes,General,,,False
tnstc online booking,3,3,,,,,,kp-bing-2026-10-01-g5.csv,Lifecycle spokes,General,,,False
annavaram online booking,3,3,,,,,,kp-bing-2026-10-01-g5.csv,Lifecycle spokes,General,,,False
best banks for small business owners,3,3,,,,,,kp-bing-2026-10-01-g5.csv,Unclassified,General,,,False
best design websites,3,3,,,,,,kp-bing-2026-10-01-g6.csv,Lifecycle spokes,General,,,True
canadian passport renewal online form,2,2,,,,,,kp-bing-2026-10-01-g4.csv,Lifecycle spokes,General,,,False
draft agreement,2,2,,,,,,kp-bing-2026-10-01-g4.csv,Unclassified,General,,,False
tirumala online booking,2,2,,,,,,kp-bing-2026-10-01-g5.csv,Lifecycle spokes,General,,,False
agoda online booking,2,2,,,,,,kp-bing-2026-10-01-g5.csv,Lifecycle spokes,General,,,False
ttd darshan online booking,2,2,,,,,,kp-bing-2026-10-01-g5.csv,Lifecycle spokes,General,,,False
call center queue management software,1,1,,,,,,kp-bing-2026-10-01-g1.csv,Unclassified,General,,,False
silver circle law firms,1,1,,,,,,kp-bing-2026-10-01-g1.csv,Unclassified,Legal,,,False
india visa online form,1,1,,,,,,kp-bing-2026-10-01-g4.csv,Lifecycle spokes,General,,,False
onboarding software,1,1,,,,,,kp-bing-2026-10-01-g5.csv,Lifecycle spokes,General,/client-onboarding-software/,slug match,True
new joinee checklist,1,1,,,,,,kp-bing-2026-10-01-g5.csv,Unclassified,General,,,False
company car insurance for small business,1,1,,,,,,kp-bing-2026-10-01-g5.csv,Unclassified,General,,,False
proposal example,1,1,,,,,,kp-bing-2026-10-01-g5.csv,Lifecycle spokes,General,,,False
proposal 中文,1,1,,,,,,kp-bing-2026-10-01-g5.csv,Lifecycle spokes,General,,,False
draft proposal,1,1,,,,,,kp-bing-2026-10-01-g5.csv,Lifecycle spokes,General,,,False
legal practice board,0,0,,,,,,kp-bing-2026-10-01-g1.csv,Unclassified,Legal,,,False
tu convocation online form,0,0,,,,,,kp-bing-2026-10-01-g4.csv,Lifecycle spokes,General,,,False
